lec_exam,location,meeting_days,begin_time,end_time
LEC,HIP 202,MWF,10:30AM,11:20AM
EXAM,HIP 202,W,08:30AM,11:00AM
LEC,HIP 202,MWF,11:30AM,12:20PM
EXAM,HIP 202,R,12:00PM,02:30PM
LEC,HIP 202,TR,10:00AM,11:15AM
EXAM,HIP 202,T,08:30AM,11:00AM
LEC,HIP 104,MTWRF,08:30AM,12:20PM
EXAM,HIP 104,R,08:30AM,11:00AM
LEC,HIP 204,MTRF,01:30PM,02:20PM
EXAM,HIP 204,W,12:00PM,02:30PM
LEC,HIP 206,W,02:30PM,05:00PM
EXAM,HIP 206,T,03:30PM,06:00PM
LEC,FUR 118,MWF,09:30AM,10:20AM
EXAM,FUR 118,M,08:30AM,11:00AM
LEC,FUR 118,MWF,11:30AM,12:20PM
EXAM,FUR 118,R,12:00PM,02:30PM
LEC,FUR 207,TR,01:00PM,02:15PM
EXAM,FUR 207,T,12:00PM,02:30PM
LEC,FUR 118,MWF,12:30PM,01:20PM
EXAM,FUR 118,M,12:00PM,02:30PM
LEC,FUR 209,TR,01:00PM,02:15PM
EXAM,FUR 209,T,12:00PM,02:30PM
STU,RAB DSS,MW,11:30AM,01:20PM
EXAM,RAB DSS,R,12:00PM,02:30PM
STU,RAB DSS,TR,11:30AM,01:20PM
EXAM,RAB DSS,F,12:00PM,02:30PM
STU,RAB SCS,MW,01:30PM,03:20PM
EXAM,RAB SCS,W,12:00PM,02:30PM
STU,RAB PTS,MW,10:30AM,12:20PM
EXAM,RAB PTS,W,08:30AM,11:00AM
STU,RAB PTS,MW,08:30AM,10:20AM
EXAM,RAB PTS,R,08:30AM,11:00AM
STU,RAB PRS,TR,10:30AM,12:20PM
EXAM,RAB PRS,T,08:30AM,11:00AM
STU,RAB PTS,TR,01:00PM,02:50PM
EXAM,RAB PTS,T,12:00PM,03:00PM
LEC,RAB LLR,TR,08:30AM,09:45AM
EXAM,RAB LLR,F,08:30AM,11:00AM
LEC,RAB LLR,MWF,12:30PM,01:20PM
EXAM,RAB LLR,M,12:00PM,02:30PM
LEC,RAB LLR,TR,10:00AM,11:15AM
EXAM,RAB LLR,T,08:30AM,11:00AM
STU,RAB CRS,MW,09:30AM,11:20AM
EXAM,RAB CRS,M,08:30AM,11:00AM
STU,RAB CRS,TR,08:30AM,10:20AM
EXAM,RAB CRS,F,08:30AM,11:00AM
STU,RAB PHS,TR,08:30AM,10:20AM
EXAM,RAB PHS,F,08:30AM,11:00AM
STU,RAB PHS,TR,11:30AM,01:20PM
EXAM,RAB PHS,F,12:00PM,02:30PM
STU,RAB DSS,MW,08:30AM,10:20AM
EXAM,RAB DSS,R,08:30AM,11:00AM
LEC,RAB LLR,MWF,09:30AM,10:20AM
EXAM,RAB LLR,M,08:30AM,11:00AM
LEC,RAB LLR,MWF,10:30AM,11:20AM
EXAM,RAB LLR,W,08:30AM,11:00AM
STU,RAB SMR,MW,01:30PM,03:20PM
EXAM,RAB SMR,W,12:00PM,02:30PM
LEC,FUR 227,T,02:30PM,04:20PM
EXAM,FUR 227,R,03:30PM,06:00PM
LEC,FUR 209,MWF,11:30AM,12:20PM
EXAM,FUR 209,R,12:00PM,02:30PM
LEC,FUR 209,MWF,01:30PM,02:20PM
EXAM,FUR 209,W,12:00PM,02:30PM
SEM,FUR 208,T,02:30PM,05:00PM
EXAM,FUR 208,R,03:30PM,06:00PM
SEM,PYR 143,TR,11:30AM,12:45PM
EXAM,PYR 143,F,12:00PM,02:30PM
LEC,PYR 028,MWF,09:30AM,10:20AM
LAB,PYR 141,M,02:30PM,05:20PM
EXAM,PYR 028,M,08:30AM,11:00AM
LEC,PYR 126,MWF,11:30AM,12:20PM
LAB,PYR 141,T,02:30PM,05:20PM
EXAM,PYR 126,R,12:00PM,02:30PM
LEC,PYR 028,MWF,01:30PM,02:20PM
LAB,PYR 141,W,02:30PM,05:20PM
EXAM,PYR 028,W,12:00PM,02:30PM
LEC,PYR 028,TR,10:00AM,11:15AM
LAB,PYR 141,R,02:30PM,05:00PM
EXAM,PYR 028,T,08:30AM,11:00AM
LEC,FUR 214,MWF,09:30AM,10:20AM
LAB,PYR 142,M,02:30PM,05:20PM
EXAM,FUR 214,M,08:30AM,11:00AM
LEC,FUR 214,MWF,11:30AM,12:20PM
LAB,PYR 142,R,02:30PM,05:20PM
EXAM,FUR 214,R,12:00PM,02:30PM
LEC,PYR 126,MWF,10:30AM,11:20AM
LAB,PYR 142,T,02:30PM,05:20PM
EXAM,PYR 126,W,08:30AM,11:00AM
LEC,PYR 028,TR,01:00PM,02:15PM
LAB,PYR 142,W,02:30PM,05:20PM
EXAM,PYR 028,T,12:00PM,02:30PM
LEC,PYR 026,MWF,08:30AM,09:20AM
LAB,TNS 172,R,02:30PM,05:20PM
EXAM,PYR 026,R,08:30AM,11:00AM
LEC,PYR 026,MWF,10:30AM,11:20AM
LAB,TNS 172,T,02:30PM,05:20PM
EXAM,PYR 026,W,08:30AM,11:00AM
LEC,PYR 143,MWF,11:30AM,12:20PM
LAB,TNS 172,W,02:30PM,05:20PM
EXAM,PYR 143,R,12:00PM,02:30PM
LEC,RLY 108,MWF,08:30AM,10:20AM
EXAM,RLY 108,R,08:30AM,11:00AM
LEC,FUR 117,TR,08:30AM,09:45AM
LAB,FUR 117,W,02:30PM,05:20PM
EXAM,FUR 117,F,08:30AM,11:00AM
,,,,
,,,,
LEC,PYR 143,MWF,08:30AM,10:20AM
EXAM,PYR 143,R,08:30AM,11:00AM
LEC,PYR 143,TR,08:30AM,09:45AM
LAB,TNS 162,W,02:30PM,05:20PM
EXAM,PYR 143,F,08:30AM,11:00AM
LEC,PYR 026,MWF,11:30AM,12:20PM
LAB,TNS 161,M,02:30PM,05:20PM
EXAM,PYR 026,R,12:00PM,02:30PM
LEC,PYR 026,MWF,01:30PM,02:20PM
LAB,TNS 161,W,02:30PM,05:20PM
EXAM,PYR 026,W,12:00PM,02:30PM
LEC,PYR 143,MWF,10:30AM,11:20AM
LAB,PYR 027,R,02:30PM,05:20PM
EXAM,PYR 143,W,08:30AM,11:00AM
LEC,PYR 143,MWF,01:30PM,02:20PM
LAB,PYR 027,W,02:30PM,05:20PM
EXAM,PYR 143,W,12:00PM,02:30PM
LEC,PYR 129,TR,01:00PM,02:15PM
LAB,PYR 129,T,02:30PM,05:20PM
EXAM,PYR 129,T,12:00PM,02:30PM
LEC,PYR 123,TR,01:00PM,02:15PM
LAB,PYR 123,R,02:30PM,05:20PM
EXAM,PYR 123,T,12:00PM,02:30PM
LEC,PYR 026,TR,10:00AM,11:15AM
LAB,PYR 025,T,02:30PM,05:20PM
EXAM,PYR 026,T,08:30AM,11:00AM
LEC,PYR 143,TR,10:00AM,11:15AM
LAB,PYR 024,W,02:30PM,05:20PM
EXAM,PYR 143,T,08:30AM,11:00AM
LEC,FUR 117,TR,10:00AM,11:15AM
LAB,FUR 117,T,02:30PM,05:20PM
EXAM,FUR 117,T,08:30AM,11:00AM
LEC,PYR 028,TR,08:30AM,09:45AM
LAB,PYR 027,M,02:30PM,05:20PM
EXAM,PYR 028,F,08:30AM,11:00AM
LEC,HIP 202,MWF,01:30PM,02:20PM
EXAM,HIP 202,W,12:00PM,02:30PM
LEC,HIP 204,MR,02:30PM,03:45PM
EXAM,HIP 204,M,03:30PM,06:00PM
LEC,HIP 202,MWF,08:30AM,09:20AM
EXAM,HIP 202,R,08:30AM,11:00AM
LEC,HIP 204,TR,10:00AM,11:15AM
EXAM,HIP 204,T,08:30AM,11:00AM
LEC,HIP 209,TR,10:00AM,11:15AM
EXAM,HIP 209,T,08:30AM,11:00AM
LEC,HIP 104,MTWRF,08:30AM,12:20PM
EXAM,HIP 104,R,08:30AM,11:00AM
LEC,HIP 104,MTWRF,08:30AM,12:20PM
EXAM,HIP 104,R,08:30AM,11:00AM
LEC,HIP 206,TR,10:00AM,11:15AM
EXAM,HIP 206,T,08:30AM,11:00AM
LEC,HIP 209,MR,02:30PM,03:45PM
EXAM,HIP 209,M,03:30PM,06:00PM
LEC,HIP 104,MTWRF,08:30AM,12:20PM
EXAM,HIP 104,R,08:30AM,11:00AM
LEC,HIP 209,TR,08:30AM,09:45AM
EXAM,HIP 209,F,08:30AM,11:00AM
LEC,HIP 209,TR,11:30AM,12:45PM
EXAM,HIP 209,F,12:00PM,02:30PM
LEC,HIP 204,MWF,11:30AM,12:20PM
EXAM,HIP 204,R,12:00PM,02:30PM
LEC,HIP 104,TR,01:00PM,02:15PM
EXAM,HIP 104,T,12:00PM,02:30PM
LEC,HIP 202,W,02:30PM,05:00PM
EXAM,HIP 202,T,03:30PM,06:00PM
SEM,HIP 104,MWF,01:30PM,02:20PM
EXAM,HIP 104,W,12:00PM,02:30PM
SEM,PYR 249,TR,10:00AM,11:15AM
EXAM,PYR 249,T,08:30AM,11:00AM
LEC,PYR 030,MWF,09:30AM,10:20AM
EXAM,PYR 030,M,08:30AM,11:00AM
LEC,PYR 030,MWF,10:30AM,11:20AM
EXAM,PYR 030,W,08:30AM,11:00AM
LEC,PYR 231,MWF,11:30AM,12:20PM
EXAM,PYR 231,R,12:00PM,02:30PM
LEC,PYR 231,MWF,01:30PM,02:20PM
EXAM,PYR 231,W,12:00PM,02:30PM
LEC,PYR 028,MWF,08:30AM,09:20AM
ADD,PYR 231,T,02:30PM,04:30PM
LAB, ,,,
EXAM,PYR 028,R,08:30AM,11:00AM
LEC,PYR 249,MWF,08:30AM,09:20AM
ADD,PYR 126,M,02:30PM,04:30PM
LAB, ,,,
EXAM,PYR 249,R,08:30AM,11:00AM
LEC,PYR 249,MWF,09:30AM,10:20AM
ADD,PYR 126,M,02:30PM,04:30PM
LAB, ,,,
EXAM,PYR 249,M,08:30AM,11:00AM
LEC,PYR 031,MWF,11:30AM,12:20PM
ADD,PYR 031,T,03:00PM,05:00PM
LAB, ,,,
EXAM,PYR 026,R,12:00PM,02:30PM
LEC,RLY 106,MWF,10:30AM,11:20AM
ADD,RLY 106,M,02:30PM,04:30PM
EXAM,RLY 106,W,08:30AM,11:00AM
,,,,
,,,,
LEC,PYR 126,MWF,08:30AM,09:20AM
ADD,PYR 126,T,02:30PM,04:30PM
LAB, ,,,
EXAM,PYR 126,R,08:30AM,11:00AM
LEC,PYR 126,MWF,09:30AM,10:20AM
ADD,PYR 126,T,02:30PM,04:30PM
LAB, ,,,
EXAM,PYR 126,M,08:30AM,11:00AM
LEC,PYR 028,MWF,10:30AM,11:20AM
ADD,PYR 126,W,02:30PM,04:30PM
LAB, ,,,
EXAM,PYR 028,W,08:30AM,11:00AM
LEC,PYR 028,MWF,11:30AM,12:20PM
ADD,PYR 126,W,02:30PM,04:30PM
LAB, ,,,
EXAM,PYR 028,R,12:00PM,02:30PM
LEC,PYR 231,MF,08:30AM,09:20AM
ADD,PYR 231,TR,09:00AM,09:50AM
LAB, ,,,
EXAM,PYR 231,R,08:30AM,11:00AM
LEC,PYR 231,MF,09:30AM,10:20AM
ADD,PYR 231,TR,10:00AM,10:50AM
LAB, ,,,
EXAM,PYR 231,M,08:30AM,11:00AM
LEC,PYR 031,MWF,10:30AM,11:20AM
EXAM,PYR 031,W,08:30AM,11:00AM
LEC,PYR 031,MWF,09:30AM,10:20AM
EXAM,PYR 031,M,08:30AM,11:00AM
LEC,RLY 106,MWF,01:30PM,02:20PM
ADD,RLY 106,W,02:30PM,04:30PM
LAB, ,,,
EXAM,RLY 106,W,12:00PM,02:30PM
LEC,PYR 249,TR,01:00PM,02:15PM
LEC,PYR 249,TR,01:00PM,02:15PM
EXAM,PYR 249,T,12:00PM,02:30PM
LEC,TNS 070,TR,08:30AM,09:45AM
EXAM,TNS 070,F,08:30AM,11:00AM
LEC,PYR 249,MWF,11:30AM,12:20PM
LAB,PYR 249,M,02:30PM,05:00PM
EXAM,PYR 249,R,12:00PM,02:30PM
LEC,PYR 249,MWF,11:30AM,12:20PM
LAB,PYR 249,T,02:30PM,05:00PM
EXAM,PYR 249,R,12:00PM,02:30PM
LEC,FUR 109,MTWRF,10:30AM,11:20AM
EXAM,FUR 109,W,08:30AM,11:00AM
LEC,FUR 109,MTWRF,11:30AM,12:20PM
EXAM,FUR 109,R,12:00PM,02:30PM
LEC,FUR 109,MTRF,08:30AM,09:20AM
EXAM,FUR 109,R,08:30AM,11:00AM
LEC,FUR 118,TR,01:00PM,02:15PM
EXAM,FUR 118,T,12:00PM,02:30PM
LEC,FUR 119,MWF,01:30PM,02:20PM
EXAM,FUR 119,W,12:00PM,02:30PM
LEC,FUR 119,MWF,02:30PM,03:20PM
EXAM,FUR 119,M,03:30PM,06:00PM
SEM, ,,,
LEC,FUR 128,TR,01:00PM,02:15PM
EXAM,FUR 128,T,12:00PM,02:30PM
LEC,FUR 128,MWF,12:30PM,01:20PM
EXAM,FUR 128,M,12:00PM,02:30PM
LEC,FUR 136,MWF,09:30AM,10:20AM
EXAM,FUR 136,M,08:30AM,11:00AM
LEC,FUR 111,TR,08:30AM,09:45AM
EXAM,FUR 111,F,08:30AM,11:00AM
LEC,FUR 136,MWF,11:30AM,12:20PM
EXAM,FUR 136,R,12:00PM,02:30PM
LEC,FUR 127,TR,01:00PM,02:15PM
EXAM,FUR 127,T,12:00PM,02:30PM
LEC,FUR 127,MWF,11:30AM,12:20PM
EXAM,FUR 127,R,12:00PM,02:30PM
LEC,FUR 126,MWF,12:30PM,01:20PM
EXAM,FUR 126,M,12:00PM,02:30PM
SKL,FUR 136,TR,08:30AM,10:20AM
EXAM,FUR 136,F,08:30AM,11:00AM
SKL,FUR 136,TR,11:30AM,01:20PM
EXAM,FUR 136,F,12:00PM,02:30PM
SKL,FUR 136,TR,02:30PM,04:20PM
EXAM,FUR 136,R,03:30PM,06:00PM
LEC,JHN 208,TR,11:30AM,12:45PM
EXAM,JHN 208,F,12:00PM,02:30PM
LEC,FUR 128,MWF,09:30AM,10:20AM
EXAM,FUR 128,M,08:30AM,11:00AM
LEC,FUR 128,MWF,10:30AM,11:20AM
EXAM,FUR 128,W,08:30AM,11:00AM
LEC,FUR 127,T,06:00PM,08:30PM
EXAM,FUR 127,T,06:00PM,08:30PM
LEC,FUR 108,MWF,01:30PM,02:20PM
ADD,TSC 202,W,02:30PM,04:30PM
EXAM,FUR 108,W,12:00PM,02:30PM
LEC,FUR 127,MWF,01:30PM,02:20PM
EXAM,FUR 127,W,12:00PM,02:30PM
LEC,FUR 118,TR,11:30AM,12:45PM
EXAM,FUR 118,F,12:00PM,02:30PM
LEC,FUR 109,TR,01:00PM,02:15PM
EXAM,FUR 109,T,12:00PM,02:30PM
LEC,FUR 126,MWF,10:30AM,11:20AM
EXAM,FUR 126,W,08:30AM,11:00AM
LEC,FUR 128,TR,08:30AM,09:45AM
EXAM,FUR 128,F,08:30AM,11:00AM
ACT, ,,,
LEC,RLY 106,TR,08:30AM,09:45AM
LAB,RLY 201,R,02:30PM,04:30PM
EXAM,RLY 106,F,08:30AM,11:00AM
LEC,RLY 204,MWF,10:30AM,11:20AM
LAB,RLY 108,W,02:30PM,04:30PM
EXAM,RLY 204,W,08:30AM,11:00AM
LEC,RLY 106,MWF,09:30AM,10:20AM
LAB,RLY 201,T,02:30PM,04:30PM
EXAM,RLY 106,M,08:30AM,11:00AM
LEC,RLY 204,MWF,12:30PM,01:20PM
LAB,RLY 201,M,02:30PM,04:30PM
EXAM,RLY 204,M,12:00PM,02:30PM
LEC,RLY 106,TR,10:00AM,11:05AM
LAB,RLY 201,W,02:30PM,04:30PM
EXAM,RLY 106,T,08:30AM,11:00AM
LEC,RLY 204,MWF,09:30AM,10:20AM
LAB,RLY 203,T,02:30PM,04:30PM
EXAM,RLY 204,M,08:30AM,11:00AM
LEC,PYR 031,MWF,01:30PM,02:20PM
ADD,PYR 031,R,02:30PM,04:20PM
EXAM,PYR 031,W,12:00PM,02:30PM
LEC,RLY 204,MWF,11:30AM,12:20PM
LAB,RLY 203,W,02:30PM,04:20PM
EXAM,RLY 204,R,12:00PM,02:30PM
LEC,RLY 106,TR,01:00PM,02:15PM
LAB,RLY 203,M,02:30PM,04:30PM
EXAM,RLY 106,T,12:00PM,02:30PM
LEC,PYR 126,TR,01:00PM,02:15PM
EXAM,PYR 126,T,12:00PM,02:30PM
LEC,RLY 204,TR,10:00AM,11:15AM
EXAM,RLY 204,T,08:30AM,11:00AM
LEC,HIP 107,MWF,10:30AM,11:20AM
EXAM,HIP 107,W,08:30AM,11:00AM
LEC,HIP 107,MWF,09:30AM,10:20AM
EXAM,HIP 107,M,08:30AM,11:00AM
LEC,HIP 209,MWF,12:30PM,01:20PM
EXAM,HIP 209,M,12:00PM,02:30PM
LEC,HIP 209,MWF,10:30AM,11:20AM
EXAM,HIP 209,W,08:30AM,11:00AM
LEC,HIP 107,MWF,01:30PM,02:20PM
EXAM,HIP 107,W,12:00PM,02:30PM
LEC,HIP 204,MWF,08:30AM,09:20AM
EXAM,HIP 204,R,08:30AM,11:00AM
LEC,HIP 209,MWF,11:30AM,12:20PM
EXAM,HIP 209,R,12:00PM,02:30PM
LEC,RLY 109E,TR,02:30PM,03:45PM
EXAM,RLY 109E,R,03:30PM,06:00PM
LEC,HIP 209,MWF,08:30AM,09:20AM
EXAM,HIP 209,R,08:30AM,11:00AM
LEC,HIP 209,MWF,09:30AM,10:20AM
EXAM,HIP 209,M,08:30AM,11:00AM
LEC,HIP 107,TR,08:30AM,09:45AM
EXAM,HIP 107,F,08:30AM,11:00AM
LEC,HIP 107,MWF,11:30AM,12:20PM
EXAM,HIP 107,R,12:00PM,02:30PM
LEC,RLY 103,TR,01:00PM,02:15PM
EXAM,RLY 103,T,12:00PM,02:30PM
LEC,RLY 204,MWF,01:30PM,02:20PM
EXAM,RLY 204,W,12:00PM,02:30PM
LEC,RLY 103,MR,02:30PM,03:45PM
EXAM,RLY 103,M,03:30PM,06:00PM
LEC,RLY 108,TR,10:00AM,11:15AM
EXAM,RLY 108,T,08:30AM,11:00AM
LEC,RLY 108,TR,11:30AM,12:45PM
EXAM,RLY 108,F,12:00PM,02:30PM
LEC,HIP 202,MWF,09:30AM,10:20AM
EXAM,HIP 202,M,08:30AM,11:00AM
LEC,RLY 109E,TR,11:30AM,12:45PM
EXAM,RLY 109E,F,12:00PM,02:30PM
SEM,RLY 105,TR,10:00AM,11:15AM
EXAM,RLY 105,T,08:30AM,11:00AM
SEM,HIP 106,M,01:30PM,02:20PM
SEM,HIP 106,M,02:30PM,03:20PM
LEC,HIP 106,MWF,09:30AM,10:20AM
EXAM,HIP 106,M,08:30AM,11:00AM
LEC,HIP 102,TR,08:30AM,09:45AM
EXAM,HIP 102,F,08:30AM,11:00AM
LEC,HIP 102,MWF,10:30AM,11:20AM
EXAM,HIP 102,W,08:30AM,11:00AM
LEC,HIP 106,MWF,10:30AM,11:20AM
EXAM,HIP 106,W,08:30AM,11:00AM
LEC,HIP 102,MWF,11:30AM,12:20PM
EXAM,HIP 102,R,12:00PM,02:30PM
LEC,HIP 102,MR,02:30PM,03:45PM
EXAM,HIP 102,M,03:30PM,06:00PM
LEC,HIP 102,MWF,01:30PM,02:20PM
EXAM,HIP 102,W,12:00PM,02:30PM
LEC,HIP 106,T,05:45PM,08:30PM
EXAM,HIP 106,T,05:45PM,08:30PM
LEC,HIP 205,MWF,10:30AM,11:20AM
EXAM,HIP 205,W,08:30AM,11:00AM
LEC,HIP 205,MW,05:45PM,07:15PM
EXAM,HIP 205,M,05:45PM,07:15PM
SKL,HIP 205,MW,01:30PM,02:45PM
EXAM,HIP 205,W,12:00PM,02:30PM
LEC,HIP 102,TR,10:00AM,11:15AM
EXAM,HIP 102,T,08:30AM,11:00AM
LEC,HIP 102,TR,11:30AM,12:45PM
EXAM,HIP 102,F,12:00PM,02:30PM
LEC,HIP 205,TR,02:30PM,03:45PM
EXAM,HIP 205,R,03:30PM,06:00PM
LEC,HIP 205,TR,01:00PM,02:15PM
EXAM,HIP 205,T,12:00PM,02:30PM
LEC,HIP 106,M,05:45PM,08:30PM
EXAM,HIP 106,M,05:45PM,08:30PM
LEC,RNK 151,MWF,08:30AM,09:20AM
LAB,RNK 151,M,02:30PM,05:20PM
EXAM,RNK 151,R,08:30AM,11:00AM
LEC,RNK 152,TR,10:00AM,11:15AM
LAB,RNK 152,R,02:30PM,05:20PM
EXAM,RNK 152,T,08:30AM,11:00AM
LEC,RNK 152,MWF,10:30AM,11:20AM
LAB,RNK 152,W,02:30PM,05:20PM
EXAM,RNK 152,W,08:30AM,11:00AM
LEC,SHI COM,MWF,09:30AM,10:20AM
LAB,PYR 103,R,02:30PM,05:20PM
EXAM,SHI COM,M,08:30AM,11:00AM
LEC,PYR 118,TR,01:00PM,02:15PM
LAB,PYR 118,R,02:30PM,05:20PM
EXAM,PYR 118,T,12:00PM,02:30PM
LEC,PYR 108,TR,10:00AM,11:15AM
LAB,PYR 108,R,02:30PM,05:20PM
EXAM,PYR 108,T,08:30AM,11:00AM
LEC,PYR 108,MWF,09:30AM,10:20AM
LAB,PYR 108,W,02:30PM,05:20PM
EXAM,PYR 108,M,08:30AM,11:00AM
LEC,PYR 103,TR,11:30AM,12:45PM
LAB,PYR 118,T,02:30PM,05:20PM
EXAM,PYR 103,F,12:00PM,02:30PM
SEM,PYR 101,MF,11:30AM,12:20PM
EXAM,PYR 101,R,12:00PM,02:30PM
LEC,FUR 107,TR,08:30AM,09:45AM
EXAM,FUR 107,F,08:30AM,11:00AM
LEC,FUR 106,TR,01:00PM,02:15PM
EXAM,FUR 106,T,12:00PM,02:30PM
LEC,FUR 111,MWF,10:30AM,11:20AM
EXAM,FUR 111,W,08:30AM,11:00AM
LEC,FUR 109,W,02:30PM,05:00PM
EXAM,FUR 109,T,03:30PM,06:00PM
LEC,FUR 110,TR,11:30AM,12:45PM
EXAM,FUR 110,F,12:00PM,02:30PM
LEC,FUR 119,TR,10:00AM,11:15AM
EXAM,FUR 119,T,08:30AM,11:00AM
LEC,FUR 121,TR,08:30AM,09:45AM
EXAM,FUR 121,F,08:30AM,11:00AM
LEC,FUR 119,TR,11:30AM,12:45PM
EXAM,FUR 119,F,12:00PM,02:30PM
LEC,FUR 111,MWF,01:30PM,02:20PM
EXAM,FUR 111,W,12:00PM,02:30PM
LEC,FUR 110,MWF,11:30AM,12:20PM
EXAM,FUR 110,R,12:00PM,02:30PM
LEC,FUR 110,W,02:30PM,05:00PM
EXAM,FUR 110,T,03:30PM,06:00PM
LEC,FUR 110,MWF,12:30PM,01:20PM
EXAM,FUR 110,M,12:00PM,02:30PM
LEC,FUR 110,TR,10:00AM,11:15AM
EXAM,FUR 110,T,08:30AM,11:00AM
LEC,FUR 110,TR,01:00PM,02:15PM
EXAM,FUR 110,T,12:00PM,02:30PM
LEC,FUR 108,TR,11:30AM,12:45PM
EXAM,FUR 108,F,12:00PM,02:30PM
SEM,FUR 107,TR,11:30AM,12:45PM
EXAM,FUR 107,F,12:00PM,02:30PM
LEC,FUR 106,MTRF,10:30AM,11:20AM
EXAM,FUR 106,W,08:30AM,11:00AM
,,,,
LEC,FUR 106,MTRF,11:30AM,12:20PM
EXAM,FUR 106,R,12:00PM,02:30PM
,,,,
LEC,FUR 108,MTRF,08:30AM,09:20AM
EXAM,FUR 108,R,08:30AM,11:00AM
LEC,FUR 108,MTRF,10:30AM,11:20AM
EXAM,FUR 108,W,08:30AM,11:00AM
LEC,FUR 209,MWF,09:30AM,10:20AM
EXAM,FUR 209,M,08:30AM,11:00AM
LEC,FUR 209,MWF,10:30AM,11:20AM
EXAM,FUR 209,W,08:30AM,11:00AM
LEC,FUR 107,MWF,12:30PM,01:20PM
EXAM,FUR 107,M,12:00PM,02:30PM
LEC,FUR 208,TR,11:30AM,12:45PM
EXAM,FUR 208,F,12:00PM,02:30PM
LEC,FUR 201,MWF,11:30AM,12:20PM
EXAM,FUR 201,R,12:00PM,02:30PM
LEC,FUR 118,TR,08:30AM,09:45AM
ADD,FUR 214,T,02:30PM,05:00PM
EXAM,FUR 118,F,08:30AM,11:00AM
LEC,HIP 205,MWF,09:30AM,10:20AM
EXAM,HIP 205,M,08:30AM,11:00AM
LEC,FUR 127,MTRF,08:30AM,09:20AM
EXAM,FUR 127,R,08:30AM,11:00AM
LEC,FUR 111,MWF,11:30AM,12:20PM
EXAM,FUR 111,R,12:00PM,02:30PM
LEC,FUR 230,MTRF,11:30AM,12:20PM
EXAM,FUR 230,R,12:00PM,02:30PM
LEC,FUR 230,MTRF,01:30PM,02:20PM
EXAM,FUR 230,W,12:00PM,02:30PM
LEC,HIP 204,MWF,09:30AM,10:20AM
EXAM,HIP 204,M,08:30AM,11:00AM
LEC,HIP 204,MWF,10:30AM,11:20AM
EXAM,HIP 204,W,08:30AM,11:00AM
LEC,FUR 227,MR,02:30PM,04:20PM
ADD,FUR 214,T,02:30PM,05:00PM
EXAM,FUR 227,M,03:30PM,06:00PM
LEC,PAC 113,MTWR,07:30AM,08:20AM
EXAM,PAC 113,F,03:30PM,06:00PM
LEC,PAC 113,MTWR,08:30AM,09:20AM
EXAM,PAC 113,R,08:30AM,11:00AM
LEC,PAC 113,MTWR,08:30AM,09:20AM
EXAM,PAC 113,F,08:30AM,11:00AM
LEC,PAC 116,MTRF,10:30AM,11:20AM
EXAM,PAC 116,W,08:30AM,11:00AM
LEC,PAC 116,MTRF,10:30AM,11:20AM
EXAM,PAC 116,T,08:30AM,11:00AM
LEC,PAC 113,WF,10:30AM,12:20PM
EXAM,PAC 113,W,08:30AM,11:00AM
LEC,PAC 113,MTRF,11:30AM,12:20PM
EXAM,PAC 113,R,12:00PM,02:30PM
LEC,PAC 113,MTRF,11:30AM,12:20PM
EXAM,PAC 113,F,12:00PM,02:30PM
LEC,PAC 114,MW,11:30AM,01:20PM
EXAM,PAC 114,R,12:00PM,02:30PM
LEC,PAC 113,MTRF,01:30PM,02:20PM
EXAM,PAC 113,W,12:00PM,02:30PM
LEC,PAC 113,MTRF,01:30PM,02:20PM
EXAM,PAC 113,T,12:00PM,02:30PM
LEC,PAC 113,MTRF,02:30PM,03:20PM
EXAM,PAC 113,M,03:30PM,06:00PM
LEC,PAC 113,MTRF,02:30PM,03:20PM
EXAM,PAC 113,R,03:30PM,06:00PM
LEC,PAC 113,MW,12:30PM,02:20PM
EXAM,PAC 113,M,12:00PM,02:30PM
LEC,PAC 114,MWF,12:30PM,01:20PM
EXAM,PAC 114,M,12:00PM,02:30PM
LEC,PAC 114,TR,08:30AM,09:45AM
LAB,PAC 114,M,02:30PM,05:20PM
EXAM,PAC 114,F,08:30AM,11:00AM
LEC,PAC 114,TR,10:00AM,11:15AM
LAB,PAC 114,W,02:30PM,05:20PM
EXAM,PAC 114,T,08:30AM,11:00AM
LEC,PAC 114,MWF,09:30AM,10:20AM
LAB,PAC 105,T,02:30PM,05:20PM
EXAM,PAC 114,M,08:30AM,11:00AM
LEC,PAC 114,MWF,10:30AM,11:20AM
LAB,PAC 105,R,02:30PM,05:20PM
EXAM,PAC 114,W,08:30AM,11:00AM
LEC,PAC 116,MWF,08:30AM,09:20AM
LAB,PAC 116,M,02:30PM,05:20PM
EXAM,PAC 116,R,08:30AM,11:00AM
LEC,PAC 116,MWF,11:30AM,12:20PM
LAB,PAC 116,W,02:30PM,05:20PM
EXAM,PAC 116,R,12:00PM,02:30PM
LEC,PAC 113,MWF,09:30AM,10:20AM
ADD,PAC SWP,W,09:30AM,10:20AM
LAB,PAC 114,F,07:30AM,08:20AM
EXAM,PAC 113,M,08:30AM,11:00AM
LEC,PAC 116,MWF,09:30AM,10:20AM
LAB,PAC 114,R,02:30PM,05:20PM
EXAM,PAC 116,M,08:30AM,11:00AM
LEC,PAC 116,TR,11:30AM,12:45PM
EXAM,PAC 116,F,12:00PM,02:30PM
,,,,
LEC,PAC 116,TR,01:00PM,02:15PM
EXAM,PAC 116,T,12:00PM,02:30PM
,,,,
LEC,PAC 116,TR,08:30AM,09:45AM
EXAM,PAC 116,F,08:30AM,11:00AM
LEC,PAC 113,W,02:30PM,05:15PM
EXAM,PAC 113,T,03:30PM,06:00PM
LEC,PAC 114,TR,01:00PM,02:15PM
EXAM,PAC 114,T,12:00PM,02:30PM
LEC,PAC 116,MWF,12:30PM,01:20PM
LAB,PAC HPL,T,02:30PM,05:20PM
EXAM,PAC 116,M,12:00PM,02:30PM
LEC,PAC 116,MWF,12:30PM,01:20PM
LAB,PAC HPL,W,02:30PM,05:20PM
EXAM,PAC 116,M,12:00PM,02:30PM
LEC,PAC 113,TR,10:00AM,11:15AM
EXAM,PAC 113,T,08:30AM,11:00AM
LEC,PAC 114,TR,11:30AM,12:45PM
EXAM,PAC 114,F,12:00PM,02:30PM
LEC,FUR 204,MWF,09:30AM,10:20AM
EXAM,FUR 204,M,08:30AM,11:00AM
LEC,FUR 204,MWF,11:30AM,12:20PM
EXAM,FUR 204,R,12:00PM,02:30PM
LEC,FUR 208,MWF,08:30AM,09:20AM
EXAM,FUR 208,R,08:30AM,11:00AM
LEC,FUR 204,MWF,01:30PM,02:20PM
EXAM,FUR 204,W,12:00PM,02:30PM
LEC,FUR 207,MWF,09:30AM,10:20AM
EXAM,FUR 207,M,08:30AM,11:00AM
LEC,FUR 208,TR,08:30AM,09:45AM
EXAM,FUR 208,F,08:30AM,11:00AM
LEC,FUR 204,MWF,08:30AM,09:20AM
EXAM,FUR 204,R,08:30AM,11:00AM
LEC,FUR 204,MWF,10:30AM,11:20AM
EXAM,FUR 204,W,08:30AM,11:00AM
LEC,FUR 207,MWF,12:30PM,01:20PM
EXAM,FUR 207,M,12:00PM,02:30PM
LEC,FUR 109,MWF,01:30PM,02:20PM
EXAM,FUR 109,W,12:00PM,02:30PM
LEC,FUR 207,TR,11:30AM,12:45PM
EXAM,FUR 207,F,12:00PM,02:30PM
LEC,FUR 204,MWF,12:30PM,01:20PM
EXAM,FUR 204,M,12:00PM,02:30PM
LEC,FUR 204,TR,01:00PM,02:15PM
EXAM,FUR 204,T,12:00PM,02:30PM
LEC,FUR 107,MWF,10:30AM,11:20AM
EXAM,FUR 107,W,08:30AM,11:00AM
LEC,FUR 207,MWF,08:30AM,09:20AM
EXAM,FUR 207,R,08:30AM,11:00AM
LEC,FUR 107,MWF,11:30AM,12:20PM
EXAM,FUR 107,R,12:00PM,02:30PM
LEC,FUR 208,MWF,09:30AM,10:20AM
EXAM,FUR 208,M,08:30AM,11:00AM
LEC,FUR 204,TR,11:30AM,12:45PM
EXAM,FUR 204,F,12:00PM,02:30PM
LEC,FUR 208,MWF,12:30PM,01:20PM
EXAM,FUR 208,M,12:00PM,02:30PM
LEC,FUR 121,TR,10:00AM,11:15AM
EXAM,FUR 121,T,08:30AM,11:00AM
LEC,FUR 208,MWF,11:30AM,12:20PM
EXAM,FUR 208,R,12:00PM,02:30PM
SEM,FUR 208,T,02:30PM,05:00PM
EXAM,FUR 208,R,03:30PM,06:00PM
SEM,FUR 204,T,02:30PM,05:00PM
EXAM,FUR 204,R,03:30PM,06:00PM
LEC,JHN 101,TR,10:00AM,11:15AM
EXAM,JHN 101,T,08:30AM,11:00AM
,,,,
LEC,FUR 117,W,12:30PM,02:20PM
EXAM,FUR 117,M,12:00PM,02:30PM
LEC,JHN 207,MWF,08:30AM,09:20AM
EXAM,JHN 207,R,08:30AM,11:00AM
LEC,FUR 106,MTWRF,08:30AM,09:20AM
EXAM,FUR 106,R,08:30AM,11:00AM
LEC,FUR 118,MTWRF,10:30AM,11:20AM
EXAM,FUR 118,W,08:30AM,11:00AM
LEC,HIP 106,MTWRF,08:30AM,09:20AM
EXAM,HIP 106,R,08:30AM,11:00AM
,,,,
LEC,RLY 109E,MWF,12:30PM,01:20PM
EXAM,RLY 109E,M,12:00PM,02:30PM
LEC,FUR 127,MTRF,10:30AM,11:20AM
EXAM,FUR 127,W,08:30AM,11:00AM
LEC,FUR 126,MWF,11:30AM,12:20PM
EXAM,FUR 126,R,12:00PM,02:30PM
LEC,FUR 127,MWF,09:30AM,10:20AM
EXAM,FUR 127,M,08:30AM,11:00AM
SKL,PAC 116,MW,01:30PM,02:20PM
LAB,PAC 116,M,02:30PM,05:00PM
ADD, ,MTWRF,06:00AM,07:00AM
EXAM,PAC 116,W,12:00PM,02:30PM
SKL,JHN 201,MW,01:30PM,02:20PM
LAB,JHN 201,M,02:30PM,05:00PM
ADD, ,MTWRF,06:00AM,07:00AM
EXAM,JHN 201,W,12:00PM,02:30PM
SKL,BCM CLR,MW,01:30PM,02:20PM
LAB,BCM CLR,M,02:30PM,05:00PM
ADD, ,MTWRF,06:00AM,07:00AM
EXAM,BCM CLR,W,12:00PM,02:30PM
SKL, ,,,
SKL,BCM CLR,,07:00AM,08:00AM
LAB,BCM CLR,M,02:30PM,05:00PM
ADD, ,MTWRF,06:00AM,07:00AM
EXAM,BCM CLR,F,03:30PM,06:00PM
LEC,RLY 204,MWF,08:30AM,09:20AM
EXAM,RLY 204,R,08:30AM,11:00AM
LEC,RLY 109E,MWF,09:30AM,10:20AM
EXAM,RLY 109E,M,08:30AM,11:00AM
LEC,RLY 103,MWF,11:30AM,12:20PM
EXAM,RLY 103,R,12:00PM,02:30PM
LEC,RLY 102,MWF,01:30PM,02:20PM
EXAM,RLY 102,W,12:00PM,02:30PM
LEC,RLY 109E,MWF,10:30AM,11:20AM
EXAM,RLY 109E,W,08:30AM,11:00AM
LEC,RLY 103,MWF,12:30PM,01:20PM
EXAM,RLY 103,M,12:00PM,02:30PM
LEC,RLY 103,MWF,01:30PM,02:20PM
EXAM,RLY 103,W,12:00PM,02:30PM
LEC,RLY 105,MWF,01:30PM,02:20PM
EXAM,RLY 105,W,12:00PM,02:30PM
LEC,RLY 109E,MWF,08:30AM,09:20AM
EXAM,RLY 109E,R,08:30AM,11:00AM
LEC,RLY 107,MWF,12:30PM,01:20PM
EXAM,RLY 107,M,12:00PM,02:30PM
LEC,RLY 105,MTRF,08:30AM,09:20AM
EXAM,RLY 105,R,08:30AM,11:00AM
LEC,RLY 103,MTRF,10:30AM,11:20AM
EXAM,RLY 103,W,08:30AM,11:00AM
LEC,RLY 105,MTRF,11:30AM,12:20PM
EXAM,RLY 105,R,12:00PM,02:30PM
LEC,RLY 107,MTWF,11:30AM,12:20PM
EXAM,RLY 107,R,12:00PM,02:30PM
LEC,RLY 107,MTRF,08:30AM,09:20AM
EXAM,RLY 107,R,08:30AM,11:00AM
LEC,RLY 107,MTRF,01:30PM,02:20PM
EXAM,RLY 107,W,12:00PM,02:30PM
LEC,RLY 105,MWF,09:30AM,10:20AM
EXAM,RLY 105,M,08:30AM,11:00AM
LEC,RLY 105,MWF,10:30AM,11:20AM
EXAM,RLY 105,W,08:30AM,11:00AM
LEC,RLY 102,MWF,08:30AM,09:20AM
EXAM,RLY 102,R,08:30AM,11:00AM
LEC,RLY 109E,MWF,01:30PM,02:20PM
EXAM,RLY 109E,W,12:00PM,02:30PM
LEC,RLY 102,MWF,10:30AM,11:20AM
EXAM,RLY 102,W,08:30AM,11:00AM
LEC,RLY 102,MWF,12:30PM,01:20PM
EXAM,RLY 102,W,12:00PM,02:30PM
LEC,RLY 103,MTWR,08:30AM,09:20AM
EXAM,RLY 103,R,08:30AM,11:00AM
LEC,RLY 103,MTWR,09:30AM,10:20AM
EXAM,RLY 103,M,08:30AM,11:00AM
LEC,HIP 102,MWF,09:30AM,10:20AM
EXAM,HIP 102,M,08:30AM,11:00AM
LEC,RLY 102,MWF,11:30AM,12:20PM
EXAM,RLY 102,R,12:00PM,02:30PM
LEC,RLY 105,MWF,12:30PM,01:20PM
EXAM,RLY 105,M,12:00PM,02:30PM
LEC,RLY 107,MWF,10:30AM,11:20AM
EXAM,RLY 107,W,08:30AM,11:00AM
ACT,DMB RCT,T,02:30PM,03:20PM
SEM,DMB RCT,F,01:30PM,02:20PM
ACT,DMB 013,TR,03:30PM,05:30PM
ACT,DMB 013,M,03:30PM,05:30PM
ADD,DMB 013,WF,03:45PM,05:45PM
,,,,
ACT,HMP 121,TR,03:30PM,05:30PM
ACT,HMP 121,TR,01:00PM,02:15PM
ADD,HMP 121,R,03:30PM,05:30PM
ACT,HMP 121,TR,01:00PM,02:15PM
ADD,HMP 121,T,03:30PM,05:30PM
ACT,HMP 121,MW,02:30PM,03:20PM
,,,,
,,,,
ACT,HMP 121,TR,03:30PM,05:30PM
ACT,DMB 013,MRF,02:30PM,03:20PM
ACT,DMB 013,TR,05:30PM,07:30PM
ACT,DMB 013,TR,05:30PM,07:30PM
ACT,DMB 013,TR,05:30PM,07:30PM
ACT,DMB 013,W,02:30PM,03:20PM
,,,,
,,,,
,,,,
ACT,DMB 013,MW,06:00PM,08:00PM
,,,,
ACT, ,,,
ACT, ,,,
LEC,FUR 214,TR,08:30AM,09:45AM
EXAM,FUR 214,F,08:30AM,11:00AM
LEC,FUR 214,MWF,10:30AM,11:20AM
EXAM,FUR 214,W,08:30AM,11:00AM
LEC,FUR 214,W,02:30PM,05:00PM
EXAM,FUR 214,T,03:30PM,06:00PM
LEC,FUR 214,MWF,12:30PM,01:20PM
EXAM,FUR 214,M,12:00PM,02:30PM
LEC,FUR 214,MWF,08:30AM,09:20AM
SKL,DMB 104,MF,09:30AM,10:20AM
EXAM,DMB 104,M,08:30AM,11:00AM
SKL,DMB 005,WF,09:30AM,10:20AM
EXAM,DMB 005,M,08:30AM,11:00AM
SKL,DMB 013,TR,01:00PM,01:50PM
EXAM,DMB 013,T,12:00PM,02:30PM
SKL,DMB 013,TR,11:30AM,12:20PM
EXAM,DMB 013,F,12:00PM,02:30PM
LEC,DMB 003,TR,08:30AM,09:20AM
EXAM,DMB 003,F,08:30AM,11:00AM
LEC,DMB 003,TR,10:30AM,11:20AM
EXAM,DMB 003,T,08:30AM,11:00AM
LEC,DMB 003,TR,11:30AM,12:20PM
EXAM,DMB 003,F,12:00PM,02:30PM
SKL,DMB 003,MF,08:30AM,09:20AM
EXAM,DMB 003,R,08:30AM,11:00AM
SKL,DMB 003,MF,10:30AM,11:20AM
EXAM,DMB 003,W,08:30AM,11:00AM
SKL,DMB 003,MF,11:30AM,12:20PM
EXAM,DMB 003,R,12:00PM,02:30PM
SKL,DMB 004,W,08:30AM,09:20AM
EXAM,DMB 004,R,08:30AM,11:00AM
SKL,DMB 005,W,08:30AM,09:20AM
EXAM,DMB 005,R,08:30AM,11:00AM
SKL,DMB 004,W,10:30AM,11:20AM
EXAM,DMB 004,W,08:30AM,11:00AM
SKL,DMB 005,W,10:30AM,11:20AM
EXAM,DMB 005,F,03:30PM,06:00PM
SKL,DMB 004,W,11:30AM,12:20PM
EXAM,DMB 004,R,12:00PM,02:30PM
SKL,DMB 005,W,11:30AM,12:20PM
EXAM,DMB 005,R,12:00PM,02:30PM
SEM,HMP 123E,F,02:30PM,04:00PM
EXAM,HMP 123E,F,03:30PM,06:00PM
,,,,
LEC,DMB 104,TR,08:30AM,09:20AM
EXAM,DMB 104,F,08:30AM,11:00AM
LEC,DMB 104,TR,10:30AM,11:20AM
EXAM,DMB 104,T,08:30AM,11:00AM
LEC,DMB 104,TR,11:30AM,12:20PM
EXAM,DMB 104,F,12:00PM,02:30PM
SKL,DMB 104,MW,08:30AM,09:20AM
EXAM,DMB 104,R,08:30AM,11:00AM
SKL,DMB 104,MW,10:30AM,11:20AM
EXAM,DMB 104,W,08:30AM,11:00AM
SKL,DMB 104,MW,11:30AM,12:20PM
EXAM,DMB 104,R,12:00PM,02:30PM
SKL,DMB 004,F,08:30AM,09:20AM
EXAM,DMB 004,R,08:30AM,11:00AM
SKL,DMB 005,F,08:30AM,09:20AM
EXAM,DMB 005,R,08:30AM,11:00AM
SKL,DMB 004,F,10:30AM,11:20AM
EXAM,DMB 004,W,08:30AM,11:00AM
SKL,DMB 005,F,10:30AM,11:20AM
EXAM,DMB 005,W,08:30AM,11:00AM
SKL,DMB 004,F,11:30AM,12:20PM
EXAM,DMB 004,R,12:00PM,02:30PM
SKL,DMB 005,F,11:30AM,12:20PM
EXAM,DMB 005,R,12:00PM,02:30PM
LEC,HMP 121,MF,09:30AM,10:20AM
EXAM,HMP 121,M,08:30AM,11:00AM
,,,,
LEC,HMP 121,MW,12:30PM,01:20PM
EXAM,HMP 121,M,12:00PM,02:30PM
,,,,
LEC,HMP 123E,F,02:30PM,04:00PM
EXAM,HMP 123E,F,03:30PM,06:00PM
LEC,HMP 121,MWF,08:30AM,09:20AM
EXAM,HMP 121,R,08:30AM,11:00AM
,,,,
LEC,HMP 121,MWF,08:30AM,09:20AM
EXAM,HMP 121,R,08:30AM,11:00AM
,,,,
LEC,HMP 121,R,11:30AM,12:45PM
EXAM,HMP 121,F,12:00PM,02:30PM
LEC,DMB 013,MW,11:30AM,12:20PM
EXAM,DMB 013,R,12:00PM,02:30PM
LEC,DMB 013,MW,12:30PM,01:20PM
EXAM,DMB 013,M,12:00PM,02:30PM
,,,,
LEC,DMB 013,MW,10:30AM,11:20AM
EXAM,DMB 013,W,08:30AM,11:00AM
SKL, ,,,
SKL, ,,,
SKL, ,,,
LEC,DMB 013,TR,10:00AM,10:50AM
EXAM,DMB 013,T,08:30AM,11:00AM
LEC,HMP 121,TR,10:00AM,10:50AM
EXAM,HMP 121,T,08:30AM,11:00AM
LEC,DMB RCT,M,04:00PM,06:00PM
ADD,DMB RCT,W,03:30PM,04:30PM
EXAM,DMB RCT,M,03:30PM,06:00PM
LEC,HMP 123E,TR,08:30AM,09:45AM
EXAM,HMP 123E,F,08:30AM,11:00AM
LEC, ,,,
LEC, ,,,
,,,,
,,,,
LEC, ,,,
LEC,HMP 121,MW,11:30AM,12:20PM
LEC,HMP 123E,TR,11:30AM,12:45PM
EXAM,HMP 123E,F,12:00PM,02:30PM
LEC,HMP 121,TR,08:30AM,09:45AM
EXAM,HMP 121,F,08:30AM,11:00AM
LEC,HMP 121,T,11:30AM,12:45PM
EXAM,DMB 004,F,12:00PM,02:30PM
STU,DMB 104,TR,01:00PM,01:50PM
EXAM,DMB 104,T,12:00PM,02:30PM
,,,,
IDI, ,,,
STU,DMB 104,MW,01:30PM,02:20PM
,,,,
,,,,
,,,,
,,,,
,,,,
,,,,
,,,,
STU, ,,,
STU, ,,,
STU, ,,,
STU, ,,,
STU, ,,,
STU, ,,,
STU, ,,,
STU, ,,,
STU, ,,,
STU, ,,,
STU, ,,,
STU, ,,,
STU, ,,,
STU, ,,,
STU, ,,,
STU, ,,,
STU, ,,,
STU, ,,,
STU, ,,,
STU, ,,,
STU, ,,,
STU, ,,,
STU, ,,,
STU, ,,,
STU, ,,,
STU, ,,,
STU, ,,,
STU, ,,,
STU, ,,,
STU, ,,,
STU, ,,,
STU, ,,,
STU, ,,,
STU, ,,,
STU, ,,,
STU, ,,,
STU, ,,,
STU,DMB 003,MW,01:30PM,02:20PM
,,,,
,,,,
,,,,
,,,,
STU, ,,,
STU, ,,,
STU, ,,,
STU, ,,,
STU, ,,,
STU, ,,,
STU, ,,,
STU, ,,,
STU, ,,,
STU, ,,,
STU, ,,,
STU, ,,,
STU, ,,,
STU, ,,,
STU, ,,,
STU, ,,,
STU, ,,,
STU, ,,,
STU, ,,,
STU, ,,,
STU, ,,,
STU, ,,,
STU, ,,,
STU, ,,,
STU, ,,,
STU, ,,,
STU, ,,,
STU, ,,,
STU, ,,,
STU, ,,,
STU, ,,,
STU, ,,,
STU, ,,,
STU, ,,,
STU, ,,,
STU, ,,,
STU, ,,,
STU, ,,,
STU, ,,,
STU, ,,,
STU, ,,,
STU, ,,,
STU, ,,,
STU, ,,,
STU, ,,,
STU,DMB 013,MW,01:30PM,02:20PM
,,,,
,,,,
,,,,
,,,,
STU, ,,,
STU, ,,,
STU, ,,,
STU, ,,,
STU, ,,,
STU, ,,,
STU, ,,,
STU, ,,,
STU, ,,,
STU, ,,,
STU, ,,,
STU, ,,,
STU, ,,,
STU, ,,,
STU, ,,,
STU, ,,,
STU, ,,,
STU, ,,,
STU, ,,,
STU, ,,,
STU, ,,,
STU, ,,,
STU, ,,,
STU, ,,,
STU, ,,,
STU, ,,,
STU, ,,,
STU, ,,,
STU, ,,,
STU, ,,,
STU, ,,,
STU, ,,,
STU, ,,,
STU, ,,,
STU, ,,,
STU, ,,,
STU, ,,,
STU, ,,,
STU, ,,,
STU, ,,,
STU, ,,,
STU, ,,,
STU,HMP 121,MW,01:30PM,02:20PM
,,,,
,,,,
,,,,
,,,,
,,,,
STU, ,,,
STU, ,,,
STU, ,,,
STU, ,,,
STU, ,,,
STU, ,,,
STU, ,,,
STU, ,,,
STU, ,,,
STU, ,,,
STU, ,,,
STU, ,,,
STU, ,,,
STU, ,,,
STU, ,,,
STU, ,,,
STU, ,,,
STU, ,,,
STU, ,,,
STU, ,,,
STU, ,,,
STU, ,,,
STU, ,,,
STU, ,,,
STU, ,,,
LEC, ,,,
LEC, ,,,
LEC, ,,,
LEC, ,,,
LEC, ,,,
STU, ,,,
STU, ,,,
STU, ,,,
STU, ,,,
STU, ,,,
STU, ,,,
STU, ,,,
STU, ,,,
STU, ,,,
STU, ,,,
STU, ,,,
STU, ,,,
STU, ,,,
STU, ,,,
STU, ,,,
STU, ,,,
STU, ,,,
STU, ,,,
STU, ,,,
STU, ,,,
STU, ,,,
STU, ,,,
STU, ,,,
STU, ,,,
STU,DMB SER,MW,01:30PM,02:20PM
STU, ,,,
STU, ,,,
STU, ,,,
STU, ,,,
STU, ,,,
STU, ,,,
STU, ,,,
STU, ,,,
STU, ,,,
STU, ,,,
STU, ,,,
STU, ,,,
STU,DMB 005,M,01:30PM,02:20PM
ADD,HMP 123E,W,01:30PM,02:20PM
,,,,
,,,,
,,,,
STU, ,,,
STU, ,,,
STU, ,,,
STU, ,,,
STU, ,,,
STU, ,,,
STU, ,,,
STU, ,,,
STU, ,,,
STU, ,,,
STU, ,,,
STU, ,,,
STU, ,,,
STU, ,,,
STU, ,,,
STU, ,,,
STU, ,,,
STU, ,,,
STU, ,,,
STU, ,,,
STU, ,,,
STU, ,,,
STU, ,,,
STU, ,,,
STU, ,,,
STU, ,,,
STU,CHP SAN,TF,11:30AM,12:20PM
STU, ,,,
STU, ,,,
STU, ,,,
STU, ,,,
STU, ,,,
SEM,JHN 212,F,02:30PM,05:00PM
EXAM,JHN 212,R,03:30PM,06:00PM
,,,,
LEC,FUR 126,MWF,01:30PM,02:20PM
EXAM,FUR 126,W,12:00PM,02:30PM
LEC,FUR 108,MWF,11:30AM,12:20PM
EXAM,FUR 108,R,12:00PM,02:30PM
LEC,FUR 108,MWF,12:30PM,01:20PM
EXAM,FUR 108,M,12:00PM,02:30PM
LEC,FUR 126,TR,08:30AM,09:45AM
EXAM,FUR 126,F,08:30AM,11:00AM
LEC,FUR 109,MWF,09:30AM,10:20AM
EXAM,FUR 109,M,08:30AM,11:00AM
LEC,HIP 106,TR,01:00PM,02:15PM
EXAM,HIP 106,T,12:00PM,02:30PM
LEC,FUR 118,TR,02:30PM,03:45PM
EXAM,FUR 118,R,03:30PM,06:00PM
LEC,FUR 128,MWF,01:30PM,02:20PM
EXAM,FUR 128,W,12:00PM,02:30PM
LEC,FUR 108,MWF,09:30AM,10:20AM
EXAM,FUR 108,M,08:30AM,11:00AM
LEC,FUR 214,MTRF,07:30AM,08:20AM
EXAM,FUR 214,F,03:30PM,06:00PM
LEC,FUR 126,TR,10:00AM,11:15AM
EXAM,FUR 126,T,08:30AM,11:00AM
LEC,FUR 128,W,02:30PM,05:00PM
EXAM,FUR 128,T,03:30PM,06:00PM
LEC,FUR 126,TF,02:30PM,03:45PM
EXAM,FUR 126,R,03:30PM,06:00PM
LEC,PYR 222,MWF,09:30AM,10:20AM
LAB,RNK 252,M,01:30PM,03:20PM
EXAM,PYR 222,M,08:30AM,11:00AM
LEC,PYR 222,MWF,09:30AM,10:20AM
LAB,RNK 252,M,03:30PM,05:20PM
EXAM,PYR 222,M,08:30AM,11:00AM
LEC,PYR 222,MWF,08:30AM,09:20AM
LAB,RNK 252,T,01:00PM,02:50PM
EXAM,PYR 222,R,08:30AM,11:00AM
LEC,PYR 222,MWF,08:30AM,09:20AM
LAB,RNK 252,T,03:00PM,04:50PM
EXAM,PYR 222,R,08:30AM,11:00AM
LEC,PYR 222,MWF,10:30AM,11:20AM
LAB,RNK 252,W,01:30PM,03:20PM
EXAM,PYR 222,W,08:30AM,11:00AM
LEC,PYR 222,MWF,10:30AM,11:20AM
LAB,RNK 252,W,03:30PM,05:20PM
EXAM,PYR 222,W,08:30AM,11:00AM
LEC,PYR 222,MWF,11:30AM,12:20PM
LAB,RNK 251,T,02:30PM,04:20PM
EXAM,PYR 222,R,12:00PM,02:30PM
LEC,PYR 222,MWF,11:30AM,12:20PM
LAB,RNK 251,R,03:00PM,04:50PM
EXAM,PYR 222,R,12:00PM,02:30PM
LEC,PYR 201,MWF,12:30PM,01:20PM
LAB, ,,,
EXAM,PYR 201,M,12:00PM,02:30PM
LEC,PYR 026,MWF,09:30AM,10:20AM
EXAM,PYR 026,M,08:30AM,11:00AM
LEC,RNK 253,MWF,08:30AM,09:20AM
EXAM,RNK 253,R,08:30AM,11:00AM
LEC,PYR 201,TR,11:30AM,12:45PM
EXAM,PYR 201,F,12:00PM,02:30PM
LEC,JHN 109,MWF,09:30AM,10:20AM
EXAM,JHN 109,M,08:30AM,11:00AM
LEC,JHN 109,MWF,10:30AM,11:20AM
EXAM,JHN 109,W,08:30AM,11:00AM
LEC,JHN 109,MWF,11:30AM,12:20PM
EXAM,JHN 109,R,12:00PM,02:30PM
LEC,JHN 101,MWF,12:30PM,01:20PM
EXAM,JHN 101,M,12:00PM,02:30PM
LEC,JHN 107,MWF,01:30PM,02:20PM
EXAM,JHN 107,W,12:00PM,02:30PM
LEC,JHN 109,TR,08:30AM,09:45AM
EXAM,JHN 109,F,08:30AM,11:00AM
LEC,JHN 109,TR,10:00AM,11:15AM
EXAM,JHN 109,T,08:30AM,11:00AM
LEC,JHN 105,MWF,09:30AM,10:20AM
EXAM,JHN 105,M,08:30AM,11:00AM
LEC,JHN 101,MWF,10:30AM,11:20AM
EXAM,JHN 101,W,08:30AM,11:00AM
LEC,JHN 109,MWF,12:30PM,01:20PM
EXAM,JHN 109,M,12:00PM,02:30PM
LEC,JHN 109,MWF,01:30PM,02:20PM
EXAM,JHN 109,W,12:00PM,02:30PM
LEC,JHN 212,TR,11:30AM,12:45PM
EXAM,JHN 212,F,12:00PM,02:30PM
LEC,JHN 109,TR,01:00PM,02:15PM
EXAM,JHN 109,T,12:00PM,02:30PM
LEC,JHN 109,TR,02:30PM,03:45PM
EXAM,JHN 109,R,03:30PM,06:00PM
LEC,JHN 207,TR,08:30AM,09:45AM
ADD,JHN 203,W,03:30PM,04:45PM
EXAM,JHN 207,F,08:30AM,11:00AM
LEC,JHN 109,TR,11:30AM,12:45PM
ADD,JHN 203,R,03:30PM,04:45PM
EXAM,JHN 109,F,12:00PM,02:30PM
LEC,JHN 105,MWF,01:30PM,02:20PM
EXAM,JHN 105,W,12:00PM,02:30PM
LEC,JHN 105,TR,10:00AM,11:15AM
EXAM,JHN 105,T,08:30AM,11:00AM
LEC,JHN 101,TR,01:00PM,02:15PM
EXAM,JHN 101,T,12:00PM,02:30PM
LEC,JHN 105,MWF,10:30AM,11:20AM
EXAM,JHN 105,W,08:30AM,11:00AM
LEC,JHN 111I,TR,11:30AM,12:45PM
EXAM,JHN 111I,F,12:00PM,02:30PM
,,,,
LEC,HIP 102,TR,01:00PM,02:15PM
EXAM,HIP 102,T,12:00PM,02:30PM
LEC,JHN 105,MR,02:30PM,03:45PM
EXAM,JHN 105,M,03:30PM,06:00PM
LEC,JHN 201,TR,10:00AM,11:15AM
EXAM,JHN 201,T,08:30AM,11:00AM
LEC,JHN 107,MWF,11:30AM,12:20PM
EXAM,JHN 107,R,12:00PM,02:30PM
LEC,JHN 101,MWF,09:30AM,10:20AM
EXAM,JHN 101,M,08:30AM,11:00AM
LEC,JHN 101,TR,11:30AM,12:45PM
EXAM,JHN 101,F,12:00PM,02:30PM
SEM,JHN 111I,M,02:30PM,05:00PM
EXAM,JHN 111I,M,03:30PM,06:00PM
IDI,JHN 111I,T,02:30PM,05:00PM
EXAM,JHN 111I,R,03:30PM,06:00PM
LEC,JHN 201,MWF,09:30AM,10:20AM
EXAM,JHN 201,M,08:30AM,11:00AM
LEC,JHN 208,MWF,10:30AM,11:20AM
EXAM,JHN 208,W,08:30AM,11:00AM
LEC,JHN 208,TR,10:00AM,11:15AM
EXAM,JHN 208,T,08:30AM,11:00AM
LEC,JHN 201,TR,01:00PM,02:15PM
EXAM,JHN 201,T,12:00PM,02:30PM
LEC,JHN 212,MWF,10:30AM,12:20PM
LAB,JHN 212,W,02:30PM,04:20PM
LEC,JHN 212,MWF,12:30PM,02:20PM
LAB,JHN 212,T,02:30PM,04:20PM
LEC,JHN 212,MWF,10:30AM,12:20PM
LAB,JHN 212,W,02:30PM,04:20PM
EXAM,JHN 212,W,08:30AM,11:00AM
LEC,JHN 212,MWF,12:30PM,02:20PM
LAB,JHN 212,T,02:30PM,04:20PM
EXAM,JHN 212,M,12:00PM,02:30PM
LEC,JHN 207,TR,10:00AM,11:15AM
EXAM,JHN 207,T,08:30AM,11:00AM
LEC,JHN 207,TR,02:30PM,03:45PM
EXAM,JHN 207,R,03:30PM,06:00PM
LEC,JHN 207,MWF,12:30PM,01:20PM
EXAM,JHN 207,M,12:00PM,02:30PM
LEC,JHN 208,TR,01:00PM,02:15PM
EXAM,JHN 208,T,12:00PM,02:30PM
LEC,JHN 207,TR,01:00PM,02:15PM
LAB,JHN 216,W,02:30PM,05:00PM
EXAM,JHN 207,T,12:00PM,02:30PM
LEC,JHN 208,MWF,11:30AM,12:20PM
LAB,JHN 203,T,02:30PM,04:20PM
EXAM,JHN 208,R,12:00PM,02:30PM
LEC,JHN 216,TR,10:00AM,11:15AM
EXAM,JHN 216,T,08:30AM,11:00AM
LEC,JHN 206H,MR,02:30PM,04:20PM
EXAM,JHN 206H,M,03:30PM,06:00PM
LEC,FUR 128,TR,10:00AM,11:15AM
EXAM,FUR 128,T,08:30AM,11:00AM
LEC,JHN 207,MWF,10:30AM,11:20AM
EXAM,JHN 207,W,08:30AM,11:00AM
LEC,JHN 207,MWF,11:30AM,12:20PM
EXAM,JHN 207,R,12:00PM,02:30PM
LEC,FUR 208,MWF,01:30PM,02:20PM
EXAM,FUR 208,W,12:00PM,02:30PM
LEC,FUR 107,MWF,01:30PM,02:20PM
EXAM,FUR 107,W,12:00PM,02:30PM
LEC,FUR 107,MWF,08:30AM,09:20AM
EXAM,FUR 107,R,08:30AM,11:00AM
LEC,FUR 107,MWF,09:30AM,10:20AM
EXAM,FUR 107,M,08:30AM,11:00AM
LEC,FUR 209,TR,11:30AM,12:45PM
EXAM,FUR 209,F,12:00PM,02:30PM
LEC,FUR 106,MWF,09:30AM,10:20AM
EXAM,FUR 106,M,08:30AM,11:00AM
LEC,HIP 106,MWF,11:30AM,12:20PM
EXAM,HIP 106,R,12:00PM,02:30PM
LEC,FUR 208,TR,10:00AM,11:15AM
EXAM,FUR 208,T,08:30AM,11:00AM
LEC,FUR 111,TR,10:00AM,11:15AM
EXAM,FUR 111,T,08:30AM,11:00AM
LEC,JHN 208,MWF,09:30AM,10:20AM
EXAM,JHN 208,M,08:30AM,11:00AM
LEC,FUR 208,MWF,10:30AM,11:20AM
EXAM,FUR 208,W,08:30AM,11:00AM
LEC,FUR 209,TR,10:00AM,11:15AM
EXAM,FUR 209,T,08:30AM,11:00AM
LEC,FUR 106,MWF,12:30PM,01:20PM
EXAM,FUR 106,M,12:00PM,02:30PM
LEC,FUR 121,W,02:30PM,05:00PM
EXAM,FUR 121,T,03:30PM,06:00PM
LEC,FUR 209,MWF,12:30PM,01:20PM
EXAM,FUR 209,M,12:00PM,02:30PM
SEM,FUR 117,TR,01:00PM,02:15PM
EXAM,FUR 117,T,12:00PM,02:30PM
SEM,FUR 119,T,02:30PM,05:00PM
EXAM,FUR 119,R,03:30PM,06:00PM
LEC,JHN 101,MWF,08:30AM,09:20AM
EXAM,JHN 101,R,08:30AM,11:00AM
LEC,JHN 107,MWF,09:30AM,10:20AM
EXAM,JHN 107,M,08:30AM,11:00AM
LEC,JHN 105,TR,01:00PM,02:15PM
EXAM,JHN 105,T,12:00PM,02:30PM
LEC,JHN 105,TR,11:30AM,12:45PM
EXAM,JHN 105,F,12:00PM,02:30PM
LEC,JHN 105,TR,08:30AM,09:45AM
EXAM,JHN 105,F,08:30AM,11:00AM
LEC,JHN 101,MWF,08:30AM,09:20AM
EXAM,JHN 101,R,08:30AM,11:00AM
LEC,JHN 105,MWF,11:30AM,12:20PM
EXAM,JHN 105,R,12:00PM,02:30PM
LEC,JHN 107,TR,11:30AM,12:45PM
EXAM,JHN 107,F,12:00PM,02:30PM
LEC,JHN 107,TR,10:00AM,11:15AM
EXAM,JHN 107,T,08:30AM,11:00AM
LEC,JHN 107,TR,08:30AM,09:45AM
EXAM,JHN 107,F,08:30AM,11:00AM
LEC,JHN 107,MWF,10:30AM,11:20AM
EXAM,JHN 107,W,08:30AM,11:00AM
SEM,JHN 106G,W,02:30PM,05:00PM
EXAM,JHN 106G,T,03:30PM,06:00PM
SEM,JHN 106G,MR,02:30PM,03:45PM
EXAM,JHN 106G,M,03:30PM,06:00PM
LEC,FUR 230,MTRF,08:30AM,09:20AM
EXAM,FUR 230,R,08:30AM,11:00AM
LEC,FUR 230,MTRF,10:30AM,11:20AM
EXAM,FUR 230,W,08:30AM,11:00AM
LEC,FUR 128,MTRF,11:30AM,12:20PM
EXAM,FUR 128,R,12:00PM,02:30PM
LEC,FUR 229,MTRF,01:30PM,02:20PM
EXAM,FUR 229,W,12:00PM,02:30PM
LEC,FUR 229,MTRF,08:30AM,09:20AM
EXAM,FUR 229,R,08:30AM,11:00AM
LEC,FUR 229,MTRF,09:30AM,10:20AM
EXAM,FUR 229,M,08:30AM,11:00AM
LEC,FUR 229,MTRF,10:30AM,11:20AM
EXAM,FUR 229,W,08:30AM,11:00AM
LEC,FUR 227,MTRF,10:30AM,11:20AM
EXAM,FUR 227,W,08:30AM,11:00AM
LEC,FUR 227,MTRF,11:30AM,12:20PM
EXAM,FUR 227,R,12:00PM,02:30PM
LEC,JHN 201,MTRF,11:30AM,12:20PM
EXAM,JHN 201,R,12:00PM,02:30PM
LEC,FUR 227,MWF,08:30AM,09:20AM
EXAM,FUR 227,R,08:30AM,11:00AM
LEC,FUR 227,MWF,09:30AM,10:20AM
EXAM,FUR 227,M,08:30AM,11:00AM
LEC,FUR 109,MWF,12:30PM,01:20PM
EXAM,FUR 109,M,12:00PM,02:30PM
LEC,RLY 107,MWF,09:30AM,10:20AM
EXAM,RLY 107,M,08:30AM,11:00AM
LEC,PYR 231,MWF,10:30AM,11:20AM
EXAM,PYR 231,W,08:30AM,11:00AM
LEC,FUR 229,MWF,11:30AM,12:20PM
EXAM,FUR 229,R,12:00PM,02:30PM
,,,,
LEC,FUR 230,MWF,12:30PM,01:20PM
EXAM,FUR 230,M,12:00PM,02:30PM
,,,,
LEC,FUR 229,MWF,12:30PM,01:20PM
EXAM,FUR 229,M,12:00PM,02:30PM
LEC,FUR 227,MWF,12:30PM,01:20PM
EXAM,FUR 227,M,12:00PM,02:30PM
LEC,FUR 201,MWF,09:30AM,10:20AM
EXAM,FUR 201,M,08:30AM,11:00AM
LEC,FUR 201,MWF,10:30AM,11:20AM
EXAM,FUR 201,W,08:30AM,11:00AM
LEC,FUR 119,MWF,11:30AM,12:20PM
EXAM,FUR 119,R,12:00PM,02:30PM
LEC,FUR 229,TR,11:30AM,12:45PM
ADD,FUR 229,T,02:30PM,04:20PM
EXAM,FUR 229,F,12:00PM,02:30PM
LEC,FUR 227,MWF,01:30PM,02:20PM
EXAM,FUR 227,W,12:00PM,02:30PM
LEC,FUR 117,MWF,10:30AM,11:20AM
EXAM,FUR 117,W,08:30AM,11:00AM
LEC,FUR 227,TR,01:00PM,02:15PM
EXAM,FUR 227,T,12:00PM,02:30PM
LEC,RNK 151,TR,10:00AM,11:15AM
LAB,RNK 151,T,02:30PM,05:20PM
EXAM,RNK 151,T,08:30AM,11:00AM
LEC,RNK 151,TR,11:30AM,12:45PM
LAB,RNK 151,W,02:30PM,05:20PM
EXAM,RNK 151,F,12:00PM,02:30PM
LEC,SHI COM,TR,01:00PM,02:15PM
LAB,SHI COM,R,02:30PM,05:20PM
EXAM,SHI COM,T,12:00PM,02:30PM
SEM,PYR 101,MF,11:30AM,12:20PM
EXAM,PYR 101,R,12:00PM,02:30PM
ACT, ,,,
LEC,TPH MTR,MWF,09:30AM,10:20AM
EXAM,TPH MTR,M,08:30AM,11:00AM
LEC,TPH MTR,MWF,10:30AM,11:20AM
EXAM,TPH MTR,W,08:30AM,11:00AM
LEC,TPH MTR,MWF,11:30AM,12:20PM
EXAM,TPH MTR,R,12:00PM,02:30PM
LEC,TPH MTR,TR,11:30AM,12:45PM
EXAM,TPH MTR,F,12:00PM,02:30PM
LEC,TPH STR,TR,01:00PM,02:15PM
EXAM,TPH STR,T,12:00PM,02:30PM
LEC,TPH CST,TR,11:30AM,12:45PM
LAB,TPH CST,,,
EXAM,TPH CST,F,12:00PM,02:30PM
