lec_exam,location,meeting_days,begin_time,end_time,status
LEC,HIP 202,MWF,10:30 AM,11:20 AM,
EXAM,HIP 202,W,8:30 AM,11:00 AM,
LEC,HIP 202,MWF,11:30 AM,12:20 PM,
EXAM,HIP 202,R,12:00 PM,2:30 PM,
LEC,HIP 202,TR,10:00 AM,11:15 AM,
EXAM,HIP 202,T,8:30 AM,11:00 AM,
LEC,HIP 104,MTWRF,8:30 AM,12:20 PM,
EXAM,HIP 104,R,8:30 AM,11:00 AM,
LEC,HIP 204,MTRF,1:30 PM,2:20 PM,
EXAM,HIP 204,W,12:00 PM,2:30 PM,
LEC,HIP 206,W,2:30 PM,5:00 PM,
EXAM,HIP 206,T,3:30 PM,6:00 PM,
LEC,FUR 118,MWF,9:30 AM,10:20 AM,
EXAM,FUR 118,M,8:30 AM,11:00 AM,
LEC,FUR 118,MWF,11:30 AM,12:20 PM,
EXAM,FUR 118,R,12:00 PM,2:30 PM,
LEC,FUR 207,TR,1:00 PM,2:15 PM,
EXAM,FUR 207,T,12:00 PM,2:30 PM,
LEC,FUR 118,MWF,12:30 PM,1:20 PM,
EXAM,FUR 118,M,12:00 PM,2:30 PM,
LEC,FUR 209,TR,1:00 PM,2:15 PM,
EXAM,FUR 209,T,12:00 PM,2:30 PM,
STU,RAB DSS,MW,11:30 AM,1:20 PM,
EXAM,RAB DSS,R,12:00 PM,2:30 PM,
STU,RAB DSS,TR,11:30 AM,1:20 PM,
EXAM,RAB DSS,F,12:00 PM,2:30 PM,
STU,RAB SCS,MW,1:30 PM,3:20 PM,
EXAM,RAB SCS,W,12:00 PM,2:30 PM,
STU,RAB PTS,MW,10:30 AM,12:20 PM,
EXAM,RAB PTS,W,8:30 AM,11:00 AM,
STU,RAB PTS,MW,8:30 AM,10:20 AM,
EXAM,RAB PTS,R,8:30 AM,11:00 AM,
STU,RAB PRS,TR,10:30 AM,12:20 PM,
EXAM,RAB PRS,T,8:30 AM,11:00 AM,
STU,RAB PTS,TR,1:00 PM,2:50 PM,
EXAM,RAB PTS,T,12:00 PM,3:00 PM,
LEC,RAB LLR,TR,8:30 AM,9:45 AM,
EXAM,RAB LLR,F,8:30 AM,11:00 AM,
LEC,RAB LLR,MWF,12:30 PM,1:20 PM,
EXAM,RAB LLR,M,12:00 PM,2:30 PM,
LEC,RAB LLR,TR,10:00 AM,11:15 AM,
EXAM,RAB LLR,T,8:30 AM,11:00 AM,
STU,RAB CRS,MW,9:30 AM,11:20 AM,
EXAM,RAB CRS,M,8:30 AM,11:00 AM,
STU,RAB CRS,TR,8:30 AM,10:20 AM,
EXAM,RAB CRS,F,8:30 AM,11:00 AM,
STU,RAB PHS,TR,8:30 AM,10:20 AM,
EXAM,RAB PHS,F,8:30 AM,11:00 AM,
STU,RAB PHS,TR,11:30 AM,1:20 PM,
EXAM,RAB PHS,F,12:00 PM,2:30 PM,
STU,RAB DSS,MW,8:30 AM,10:20 AM,
EXAM,RAB DSS,R,8:30 AM,11:00 AM,
LEC,RAB LLR,MWF,9:30 AM,10:20 AM,
EXAM,RAB LLR,M,8:30 AM,11:00 AM,
LEC,RAB LLR,MWF,10:30 AM,11:20 AM,
EXAM,RAB LLR,W,8:30 AM,11:00 AM,
STU,RAB SMR,MW,1:30 PM,3:20 PM,
EXAM,RAB SMR,W,12:00 PM,2:30 PM,
LEC,FUR 227,T,2:30 PM,4:20 PM,
EXAM,FUR 227,R,3:30 PM,6:00 PM,
LEC,FUR 209,MWF,11:30 AM,12:20 PM,
EXAM,FUR 209,R,12:00 PM,2:30 PM,
LEC,FUR 209,MWF,1:30 PM,2:20 PM,
EXAM,FUR 209,W,12:00 PM,2:30 PM,
SEM,FUR 208,T,2:30 PM,5:00 PM,
EXAM,FUR 208,R,3:30 PM,6:00 PM,
SEM,PYR 143,TR,11:30 AM,12:45 PM,
EXAM,PYR 143,F,12:00 PM,2:30 PM,
LEC,PYR 028,MWF,9:30 AM,10:20 AM,
LAB,PYR 141,M,2:30 PM,5:20 PM,
EXAM,PYR 028,M,8:30 AM,11:00 AM,
LEC,PYR 126,MWF,11:30 AM,12:20 PM,
LAB,PYR 141,T,2:30 PM,5:20 PM,
EXAM,PYR 126,R,12:00 PM,2:30 PM,
LEC,PYR 028,MWF,1:30 PM,2:20 PM,
LAB,PYR 141,W,2:30 PM,5:20 PM,
EXAM,PYR 028,W,12:00 PM,2:30 PM,
LEC,PYR 028,TR,10:00 AM,11:15 AM,
LAB,PYR 141,R,2:30 PM,5:00 PM,
EXAM,PYR 028,T,8:30 AM,11:00 AM,
LEC,FUR 214,MWF,9:30 AM,10:20 AM,
LAB,PYR 142,M,2:30 PM,5:20 PM,
EXAM,FUR 214,M,8:30 AM,11:00 AM,
LEC,FUR 214,MWF,11:30 AM,12:20 PM,
LAB,PYR 142,R,2:30 PM,5:20 PM,
EXAM,FUR 214,R,12:00 PM,2:30 PM,
LEC,PYR 126,MWF,10:30 AM,11:20 AM,
LAB,PYR 142,T,2:30 PM,5:20 PM,
EXAM,PYR 126,W,8:30 AM,11:00 AM,
LEC,PYR 028,TR,1:00 PM,2:15 PM,
LAB,PYR 142,W,2:30 PM,5:20 PM,
EXAM,PYR 028,T,12:00 PM,2:30 PM,
LEC,PYR 026,MWF,8:30 AM,9:20 AM,
LAB,TNS 172,R,2:30 PM,5:20 PM,
EXAM,PYR 026,R,8:30 AM,11:00 AM,
LEC,PYR 026,MWF,10:30 AM,11:20 AM,
LAB,TNS 172,T,2:30 PM,5:20 PM,
EXAM,PYR 026,W,8:30 AM,11:00 AM,
LEC,PYR 143,MWF,11:30 AM,12:20 PM,
LAB,TNS 172,W,2:30 PM,5:20 PM,
EXAM,PYR 143,R,12:00 PM,2:30 PM,
LEC,RLY 108,MWF,8:30 AM,10:20 AM,
EXAM,RLY 108,R,8:30 AM,11:00 AM,
LEC,FUR 117,TR,8:30 AM,9:45 AM,
LAB,FUR 117,W,2:30 PM,5:20 PM,
EXAM,FUR 117,F,8:30 AM,11:00 AM,
,,,,,
,,,,,
LEC,PYR 143,MWF,8:30 AM,10:20 AM,
EXAM,PYR 143,R,8:30 AM,11:00 AM,
LEC,PYR 143,TR,8:30 AM,9:45 AM,
LAB,TNS 162,W,2:30 PM,5:20 PM,
EXAM,PYR 143,F,8:30 AM,11:00 AM,
LEC,PYR 026,MWF,11:30 AM,12:20 PM,
LAB,TNS 161,M,2:30 PM,5:20 PM,
EXAM,PYR 026,R,12:00 PM,2:30 PM,
LEC,PYR 026,MWF,1:30 PM,2:20 PM,
LAB,TNS 161,W,2:30 PM,5:20 PM,
EXAM,PYR 026,W,12:00 PM,2:30 PM,
LEC,PYR 143,MWF,10:30 AM,11:20 AM,
LAB,PYR 027,R,2:30 PM,5:20 PM,
EXAM,PYR 143,W,8:30 AM,11:00 AM,
LEC,PYR 143,MWF,1:30 PM,2:20 PM,
LAB,PYR 027,W,2:30 PM,5:20 PM,
EXAM,PYR 143,W,12:00 PM,2:30 PM,
LEC,PYR 129,TR,1:00 PM,2:15 PM,
LAB,PYR 129,T,2:30 PM,5:20 PM,
EXAM,PYR 129,T,12:00 PM,2:30 PM,
LEC,PYR 123,TR,1:00 PM,2:15 PM,
LAB,PYR 123,R,2:30 PM,5:20 PM,
EXAM,PYR 123,T,12:00 PM,2:30 PM,
LEC,PYR 026,TR,10:00 AM,11:15 AM,
LAB,PYR 025,T,2:30 PM,5:20 PM,
EXAM,PYR 026,T,8:30 AM,11:00 AM,
LEC,PYR 143,TR,10:00 AM,11:15 AM,
LAB,PYR 024,W,2:30 PM,5:20 PM,
EXAM,PYR 143,T,8:30 AM,11:00 AM,
LEC,FUR 117,TR,10:00 AM,11:15 AM,
LAB,FUR 117,T,2:30 PM,5:20 PM,
EXAM,FUR 117,T,8:30 AM,11:00 AM,
LEC,PYR 028,TR,8:30 AM,9:45 AM,
LAB,PYR 027,M,2:30 PM,5:20 PM,
EXAM,PYR 028,F,8:30 AM,11:00 AM,
LEC,HIP 202,MWF,1:30 PM,2:20 PM,
EXAM,HIP 202,W,12:00 PM,2:30 PM,
LEC,HIP 204,MR,2:30 PM,3:45 PM,
EXAM,HIP 204,M,3:30 PM,6:00 PM,
LEC,HIP 202,MWF,8:30 AM,9:20 AM,
EXAM,HIP 202,R,8:30 AM,11:00 AM,
LEC,HIP 204,TR,10:00 AM,11:15 AM,
EXAM,HIP 204,T,8:30 AM,11:00 AM,
LEC,HIP 209,TR,10:00 AM,11:15 AM,
EXAM,HIP 209,T,8:30 AM,11:00 AM,
LEC,HIP 104,MTWRF,8:30 AM,12:20 PM,
EXAM,HIP 104,R,8:30 AM,11:00 AM,
LEC,HIP 104,MTWRF,8:30 AM,12:20 PM,
EXAM,HIP 104,R,8:30 AM,11:00 AM,
LEC,HIP 206,TR,10:00 AM,11:15 AM,
EXAM,HIP 206,T,8:30 AM,11:00 AM,
LEC,HIP 209,MR,2:30 PM,3:45 PM,
EXAM,HIP 209,M,3:30 PM,6:00 PM,
LEC,HIP 104,MTWRF,8:30 AM,12:20 PM,
EXAM,HIP 104,R,8:30 AM,11:00 AM,
LEC,HIP 209,TR,8:30 AM,9:45 AM,
EXAM,HIP 209,F,8:30 AM,11:00 AM,
LEC,HIP 209,TR,11:30 AM,12:45 PM,
EXAM,HIP 209,F,12:00 PM,2:30 PM,
LEC,HIP 204,MWF,11:30 AM,12:20 PM,
EXAM,HIP 204,R,12:00 PM,2:30 PM,
LEC,HIP 104,TR,1:00 PM,2:15 PM,
EXAM,HIP 104,T,12:00 PM,2:30 PM,
LEC,HIP 202,W,2:30 PM,5:00 PM,
EXAM,HIP 202,T,3:30 PM,6:00 PM,
SEM,HIP 104,MWF,1:30 PM,2:20 PM,
EXAM,HIP 104,W,12:00 PM,2:30 PM,
SEM,PYR 249,TR,10:00 AM,11:15 AM,
EXAM,PYR 249,T,8:30 AM,11:00 AM,
LEC,PYR 030,MWF,9:30 AM,10:20 AM,
EXAM,PYR 030,M,8:30 AM,11:00 AM,
LEC,PYR 030,MWF,10:30 AM,11:20 AM,
EXAM,PYR 030,W,8:30 AM,11:00 AM,
LEC,PYR 231,MWF,11:30 AM,12:20 PM,
EXAM,PYR 231,R,12:00 PM,2:30 PM,
LEC,PYR 231,MWF,1:30 PM,2:20 PM,
EXAM,PYR 231,W,12:00 PM,2:30 PM,
LEC,PYR 028,MWF,8:30 AM,9:20 AM,
ADD,PYR 231,T,2:30 PM,4:30 PM,
LAB,,,,,
EXAM,PYR 028,R,8:30 AM,11:00 AM,
LEC,PYR 249,MWF,8:30 AM,9:20 AM,
ADD,PYR 126,M,2:30 PM,4:30 PM,
LAB,,,,,
EXAM,PYR 249,R,8:30 AM,11:00 AM,
LEC,PYR 249,MWF,9:30 AM,10:20 AM,
ADD,PYR 126,M,2:30 PM,4:30 PM,
LAB,,,,,
EXAM,PYR 249,M,8:30 AM,11:00 AM,
LEC,PYR 031,MWF,11:30 AM,12:20 PM,
ADD,PYR 031,T,3:00 PM,5:00 PM,
LAB,,,,,
EXAM,PYR 026,R,12:00 PM,2:30 PM,
LEC,RLY 106,MWF,10:30 AM,11:20 AM,
ADD,RLY 106,M,2:30 PM,4:30 PM,
EXAM,RLY 106,W,8:30 AM,11:00 AM,
,,,,,
,,,,,
LEC,PYR 126,MWF,8:30 AM,9:20 AM,
ADD,PYR 126,T,2:30 PM,4:30 PM,
LAB,,,,,
EXAM,PYR 126,R,8:30 AM,11:00 AM,
LEC,PYR 126,MWF,9:30 AM,10:20 AM,
ADD,PYR 126,T,2:30 PM,4:30 PM,
LAB,,,,,
EXAM,PYR 126,M,8:30 AM,11:00 AM,
LEC,PYR 028,MWF,10:30 AM,11:20 AM,
ADD,PYR 126,W,2:30 PM,4:30 PM,
LAB,,,,,
EXAM,PYR 028,W,8:30 AM,11:00 AM,
LEC,PYR 028,MWF,11:30 AM,12:20 PM,
ADD,PYR 126,W,2:30 PM,4:30 PM,
LAB,,,,,
EXAM,PYR 028,R,12:00 PM,2:30 PM,
LEC,PYR 231,MF,8:30 AM,9:20 AM,
ADD,PYR 231,TR,9:00 AM,9:50 AM,
LAB,,,,,
EXAM,PYR 231,R,8:30 AM,11:00 AM,
LEC,PYR 231,MF,9:30 AM,10:20 AM,
ADD,PYR 231,TR,10:00 AM,10:50 AM,
LAB,,,,,
EXAM,PYR 231,M,8:30 AM,11:00 AM,
LEC,PYR 031,MWF,10:30 AM,11:20 AM,
EXAM,PYR 031,W,8:30 AM,11:00 AM,
LEC,PYR 031,MWF,9:30 AM,10:20 AM,
EXAM,PYR 031,M,8:30 AM,11:00 AM,
LEC,RLY 106,MWF,1:30 PM,2:20 PM,
ADD,RLY 106,W,2:30 PM,4:30 PM,
LAB,,,,,
EXAM,RLY 106,W,12:00 PM,2:30 PM,
LEC,PYR 249,TR,1:00 PM,2:15 PM,
LEC,PYR 249,TR,1:00 PM,2:15 PM,
EXAM,PYR 249,T,12:00 PM,2:30 PM,
LEC,TNS 070,TR,8:30 AM,9:45 AM,
EXAM,TNS 070,F,8:30 AM,11:00 AM,
LEC,PYR 249,MWF,11:30 AM,12:20 PM,
LAB,PYR 249,M,2:30 PM,5:00 PM,
EXAM,PYR 249,R,12:00 PM,2:30 PM,
LEC,PYR 249,MWF,11:30 AM,12:20 PM,
LAB,PYR 249,T,2:30 PM,5:00 PM,
EXAM,PYR 249,R,12:00 PM,2:30 PM,
LEC,FUR 109,MTWRF,10:30 AM,11:20 AM,
EXAM,FUR 109,W,8:30 AM,11:00 AM,
LEC,FUR 109,MTWRF,11:30 AM,12:20 PM,
EXAM,FUR 109,R,12:00 PM,2:30 PM,
LEC,FUR 109,MTRF,8:30 AM,9:20 AM,
EXAM,FUR 109,R,8:30 AM,11:00 AM,
LEC,FUR 118,TR,1:00 PM,2:15 PM,
EXAM,FUR 118,T,12:00 PM,2:30 PM,
LEC,FUR 119,MWF,1:30 PM,2:20 PM,
EXAM,FUR 119,W,12:00 PM,2:30 PM,
LEC,FUR 119,MWF,2:30 PM,3:20 PM,
EXAM,FUR 119,M,3:30 PM,6:00 PM,
SEM,,,,,
LEC,FUR 128,TR,1:00 PM,2:15 PM,
EXAM,FUR 128,T,12:00 PM,2:30 PM,
LEC,FUR 128,MWF,12:30 PM,1:20 PM,
EXAM,FUR 128,M,12:00 PM,2:30 PM,
LEC,FUR 136,MWF,9:30 AM,10:20 AM,
EXAM,FUR 136,M,8:30 AM,11:00 AM,
LEC,FUR 111,TR,8:30 AM,9:45 AM,
EXAM,FUR 111,F,8:30 AM,11:00 AM,
LEC,FUR 136,MWF,11:30 AM,12:20 PM,
EXAM,FUR 136,R,12:00 PM,2:30 PM,
LEC,FUR 127,TR,1:00 PM,2:15 PM,
EXAM,FUR 127,T,12:00 PM,2:30 PM,
LEC,FUR 127,MWF,11:30 AM,12:20 PM,
EXAM,FUR 127,R,12:00 PM,2:30 PM,
LEC,FUR 126,MWF,12:30 PM,1:20 PM,
EXAM,FUR 126,M,12:00 PM,2:30 PM,
SKL,FUR 136,TR,8:30 AM,10:20 AM,
EXAM,FUR 136,F,8:30 AM,11:00 AM,
SKL,FUR 136,TR,11:30 AM,1:20 PM,
EXAM,FUR 136,F,12:00 PM,2:30 PM,
SKL,FUR 136,TR,2:30 PM,4:20 PM,
EXAM,FUR 136,R,3:30 PM,6:00 PM,
LEC,JHN 208,TR,11:30 AM,12:45 PM,
EXAM,JHN 208,F,12:00 PM,2:30 PM,
LEC,FUR 128,MWF,9:30 AM,10:20 AM,
EXAM,FUR 128,M,8:30 AM,11:00 AM,
LEC,FUR 128,MWF,10:30 AM,11:20 AM,
EXAM,FUR 128,W,8:30 AM,11:00 AM,
LEC,FUR 127,T,6:00 PM,8:30 PM,
EXAM,FUR 127,T,6:00 PM,8:30 PM,
LEC,FUR 108,MWF,1:30 PM,2:20 PM,
ADD,TSC 202,W,2:30 PM,4:30 PM,
EXAM,FUR 108,W,12:00 PM,2:30 PM,
LEC,FUR 127,MWF,1:30 PM,2:20 PM,
EXAM,FUR 127,W,12:00 PM,2:30 PM,
LEC,FUR 118,TR,11:30 AM,12:45 PM,
EXAM,FUR 118,F,12:00 PM,2:30 PM,
LEC,FUR 109,TR,1:00 PM,2:15 PM,
EXAM,FUR 109,T,12:00 PM,2:30 PM,
LEC,FUR 126,MWF,10:30 AM,11:20 AM,
EXAM,FUR 126,W,8:30 AM,11:00 AM,
LEC,FUR 128,TR,8:30 AM,9:45 AM,
EXAM,FUR 128,F,8:30 AM,11:00 AM,
ACT,,,,,
LEC,RLY 106,TR,8:30 AM,9:45 AM,
LAB,RLY 201,R,2:30 PM,4:30 PM,
EXAM,RLY 106,F,8:30 AM,11:00 AM,
LEC,RLY 204,MWF,10:30 AM,11:20 AM,
LAB,RLY 108,W,2:30 PM,4:30 PM,
EXAM,RLY 204,W,8:30 AM,11:00 AM,
LEC,RLY 106,MWF,9:30 AM,10:20 AM,
LAB,RLY 201,T,2:30 PM,4:30 PM,
EXAM,RLY 106,M,8:30 AM,11:00 AM,
LEC,RLY 204,MWF,12:30 PM,1:20 PM,
LAB,RLY 201,M,2:30 PM,4:30 PM,
EXAM,RLY 204,M,12:00 PM,2:30 PM,
LEC,RLY 106,TR,10:00 AM,11:05 AM,
LAB,RLY 201,W,2:30 PM,4:30 PM,
EXAM,RLY 106,T,8:30 AM,11:00 AM,
LEC,RLY 204,MWF,9:30 AM,10:20 AM,
LAB,RLY 203,T,2:30 PM,4:30 PM,
EXAM,RLY 204,M,8:30 AM,11:00 AM,
LEC,PYR 031,MWF,1:30 PM,2:20 PM,
ADD,PYR 031,R,2:30 PM,4:20 PM,
EXAM,PYR 031,W,12:00 PM,2:30 PM,
LEC,RLY 204,MWF,11:30 AM,12:20 PM,
LAB,RLY 203,W,2:30 PM,4:20 PM,
EXAM,RLY 204,R,12:00 PM,2:30 PM,
LEC,RLY 106,TR,1:00 PM,2:15 PM,
LAB,RLY 203,M,2:30 PM,4:30 PM,
EXAM,RLY 106,T,12:00 PM,2:30 PM,
LEC,PYR 126,TR,1:00 PM,2:15 PM,
EXAM,PYR 126,T,12:00 PM,2:30 PM,
LEC,RLY 204,TR,10:00 AM,11:15 AM,
EXAM,RLY 204,T,8:30 AM,11:00 AM,
LEC,HIP 107,MWF,10:30 AM,11:20 AM,
EXAM,HIP 107,W,8:30 AM,11:00 AM,
LEC,HIP 107,MWF,9:30 AM,10:20 AM,
EXAM,HIP 107,M,8:30 AM,11:00 AM,
LEC,HIP 209,MWF,12:30 PM,1:20 PM,
EXAM,HIP 209,M,12:00 PM,2:30 PM,
LEC,HIP 209,MWF,10:30 AM,11:20 AM,
EXAM,HIP 209,W,8:30 AM,11:00 AM,
LEC,HIP 107,MWF,1:30 PM,2:20 PM,
EXAM,HIP 107,W,12:00 PM,2:30 PM,
LEC,HIP 204,MWF,8:30 AM,9:20 AM,
EXAM,HIP 204,R,8:30 AM,11:00 AM,
LEC,HIP 209,MWF,11:30 AM,12:20 PM,
EXAM,HIP 209,R,12:00 PM,2:30 PM,
LEC,RLY 109E,TR,2:30 PM,3:45 PM,
EXAM,RLY 109E,R,3:30 PM,6:00 PM,
LEC,HIP 209,MWF,8:30 AM,9:20 AM,
EXAM,HIP 209,R,8:30 AM,11:00 AM,
LEC,HIP 209,MWF,9:30 AM,10:20 AM,
EXAM,HIP 209,M,8:30 AM,11:00 AM,
LEC,HIP 107,TR,8:30 AM,9:45 AM,
EXAM,HIP 107,F,8:30 AM,11:00 AM,
LEC,HIP 107,MWF,11:30 AM,12:20 PM,
EXAM,HIP 107,R,12:00 PM,2:30 PM,
LEC,RLY 103,TR,1:00 PM,2:15 PM,
EXAM,RLY 103,T,12:00 PM,2:30 PM,
LEC,RLY 204,MWF,1:30 PM,2:20 PM,
EXAM,RLY 204,W,12:00 PM,2:30 PM,
LEC,RLY 103,MR,2:30 PM,3:45 PM,
EXAM,RLY 103,M,3:30 PM,6:00 PM,
LEC,RLY 108,TR,10:00 AM,11:15 AM,
EXAM,RLY 108,T,8:30 AM,11:00 AM,
LEC,RLY 108,TR,11:30 AM,12:45 PM,
EXAM,RLY 108,F,12:00 PM,2:30 PM,
LEC,HIP 202,MWF,9:30 AM,10:20 AM,
EXAM,HIP 202,M,8:30 AM,11:00 AM,
LEC,RLY 109E,TR,11:30 AM,12:45 PM,
EXAM,RLY 109E,F,12:00 PM,2:30 PM,
SEM,RLY 105,TR,10:00 AM,11:15 AM,
EXAM,RLY 105,T,8:30 AM,11:00 AM,
SEM,HIP 106,M,1:30 PM,2:20 PM,
SEM,HIP 106,M,2:30 PM,3:20 PM,
LEC,HIP 106,MWF,9:30 AM,10:20 AM,
EXAM,HIP 106,M,8:30 AM,11:00 AM,
LEC,HIP 102,TR,8:30 AM,9:45 AM,
EXAM,HIP 102,F,8:30 AM,11:00 AM,
LEC,HIP 102,MWF,10:30 AM,11:20 AM,
EXAM,HIP 102,W,8:30 AM,11:00 AM,
LEC,HIP 106,MWF,10:30 AM,11:20 AM,
EXAM,HIP 106,W,8:30 AM,11:00 AM,
LEC,HIP 102,MWF,11:30 AM,12:20 PM,
EXAM,HIP 102,R,12:00 PM,2:30 PM,
LEC,HIP 102,MR,2:30 PM,3:45 PM,
EXAM,HIP 102,M,3:30 PM,6:00 PM,
LEC,HIP 102,MWF,1:30 PM,2:20 PM,
EXAM,HIP 102,W,12:00 PM,2:30 PM,
LEC,HIP 106,T,5:45 PM,8:30 PM,
EXAM,HIP 106,T,5:45 PM,8:30 PM,
LEC,HIP 205,MWF,10:30 AM,11:20 AM,
EXAM,HIP 205,W,8:30 AM,11:00 AM,
LEC,HIP 205,MW,5:45 PM,7:15 PM,
EXAM,HIP 205,M,5:45 PM,7:15 PM,
SKL,HIP 205,MW,1:30 PM,2:45 PM,
EXAM,HIP 205,W,12:00 PM,2:30 PM,
LEC,HIP 102,TR,10:00 AM,11:15 AM,
EXAM,HIP 102,T,8:30 AM,11:00 AM,
LEC,HIP 102,TR,11:30 AM,12:45 PM,
EXAM,HIP 102,F,12:00 PM,2:30 PM,
LEC,HIP 205,TR,2:30 PM,3:45 PM,
EXAM,HIP 205,R,3:30 PM,6:00 PM,
LEC,HIP 205,TR,1:00 PM,2:15 PM,
EXAM,HIP 205,T,12:00 PM,2:30 PM,
LEC,HIP 106,M,5:45 PM,8:30 PM,
EXAM,HIP 106,M,5:45 PM,8:30 PM,
LEC,RNK 151,MWF,8:30 AM,9:20 AM,
LAB,RNK 151,M,2:30 PM,5:20 PM,
EXAM,RNK 151,R,8:30 AM,11:00 AM,
LEC,RNK 152,TR,10:00 AM,11:15 AM,
LAB,RNK 152,R,2:30 PM,5:20 PM,
EXAM,RNK 152,T,8:30 AM,11:00 AM,
LEC,RNK 152,MWF,10:30 AM,11:20 AM,
LAB,RNK 152,W,2:30 PM,5:20 PM,
EXAM,RNK 152,W,8:30 AM,11:00 AM,
LEC,SHI COM,MWF,9:30 AM,10:20 AM,
LAB,PYR 103,R,2:30 PM,5:20 PM,
EXAM,SHI COM,M,8:30 AM,11:00 AM,
LEC,PYR 118,TR,1:00 PM,2:15 PM,
LAB,PYR 118,R,2:30 PM,5:20 PM,
EXAM,PYR 118,T,12:00 PM,2:30 PM,
LEC,PYR 108,TR,10:00 AM,11:15 AM,
LAB,PYR 108,R,2:30 PM,5:20 PM,
EXAM,PYR 108,T,8:30 AM,11:00 AM,
LEC,PYR 108,MWF,9:30 AM,10:20 AM,
LAB,PYR 108,W,2:30 PM,5:20 PM,
EXAM,PYR 108,M,8:30 AM,11:00 AM,
LEC,PYR 103,TR,11:30 AM,12:45 PM,
LAB,PYR 118,T,2:30 PM,5:20 PM,
EXAM,PYR 103,F,12:00 PM,2:30 PM,
SEM,PYR 101,MF,11:30 AM,12:20 PM,
EXAM,PYR 101,R,12:00 PM,2:30 PM,
LEC,FUR 107,TR,8:30 AM,9:45 AM,
EXAM,FUR 107,F,8:30 AM,11:00 AM,
LEC,FUR 106,TR,1:00 PM,2:15 PM,
EXAM,FUR 106,T,12:00 PM,2:30 PM,
LEC,FUR 111,MWF,10:30 AM,11:20 AM,
EXAM,FUR 111,W,8:30 AM,11:00 AM,
LEC,FUR 109,W,2:30 PM,5:00 PM,
EXAM,FUR 109,T,3:30 PM,6:00 PM,
LEC,FUR 110,TR,11:30 AM,12:45 PM,
EXAM,FUR 110,F,12:00 PM,2:30 PM,
LEC,FUR 119,TR,10:00 AM,11:15 AM,
EXAM,FUR 119,T,8:30 AM,11:00 AM,
LEC,FUR 121,TR,8:30 AM,9:45 AM,
EXAM,FUR 121,F,8:30 AM,11:00 AM,
LEC,FUR 119,TR,11:30 AM,12:45 PM,
EXAM,FUR 119,F,12:00 PM,2:30 PM,
LEC,FUR 111,MWF,1:30 PM,2:20 PM,
EXAM,FUR 111,W,12:00 PM,2:30 PM,
LEC,FUR 110,MWF,11:30 AM,12:20 PM,
EXAM,FUR 110,R,12:00 PM,2:30 PM,
LEC,FUR 110,W,2:30 PM,5:00 PM,
EXAM,FUR 110,T,3:30 PM,6:00 PM,
LEC,FUR 110,MWF,12:30 PM,1:20 PM,
EXAM,FUR 110,M,12:00 PM,2:30 PM,
LEC,FUR 110,TR,10:00 AM,11:15 AM,
EXAM,FUR 110,T,8:30 AM,11:00 AM,
LEC,FUR 110,TR,1:00 PM,2:15 PM,
EXAM,FUR 110,T,12:00 PM,2:30 PM,
LEC,FUR 108,TR,11:30 AM,12:45 PM,
EXAM,FUR 108,F,12:00 PM,2:30 PM,
SEM,FUR 107,TR,11:30 AM,12:45 PM,
EXAM,FUR 107,F,12:00 PM,2:30 PM,
LEC,FUR 106,MTRF,10:30 AM,11:20 AM,
EXAM,FUR 106,W,8:30 AM,11:00 AM,
,,,,,
LEC,FUR 106,MTRF,11:30 AM,12:20 PM,
EXAM,FUR 106,R,12:00 PM,2:30 PM,
,,,,,
LEC,FUR 108,MTRF,8:30 AM,9:20 AM,
EXAM,FUR 108,R,8:30 AM,11:00 AM,
LEC,FUR 108,MTRF,10:30 AM,11:20 AM,
EXAM,FUR 108,W,8:30 AM,11:00 AM,
LEC,FUR 209,MWF,9:30 AM,10:20 AM,
EXAM,FUR 209,M,8:30 AM,11:00 AM,
LEC,FUR 209,MWF,10:30 AM,11:20 AM,
EXAM,FUR 209,W,8:30 AM,11:00 AM,
LEC,FUR 107,MWF,12:30 PM,1:20 PM,
EXAM,FUR 107,M,12:00 PM,2:30 PM,
LEC,FUR 208,TR,11:30 AM,12:45 PM,
EXAM,FUR 208,F,12:00 PM,2:30 PM,
LEC,FUR 201,MWF,11:30 AM,12:20 PM,
EXAM,FUR 201,R,12:00 PM,2:30 PM,
LEC,FUR 118,TR,8:30 AM,9:45 AM,
ADD,FUR 214,T,2:30 PM,5:00 PM,
EXAM,FUR 118,F,8:30 AM,11:00 AM,
LEC,HIP 205,MWF,9:30 AM,10:20 AM,
EXAM,HIP 205,M,8:30 AM,11:00 AM,
LEC,FUR 127,MTRF,8:30 AM,9:20 AM,
EXAM,FUR 127,R,8:30 AM,11:00 AM,
LEC,FUR 111,MWF,11:30 AM,12:20 PM,
EXAM,FUR 111,R,12:00 PM,2:30 PM,
LEC,FUR 230,MTRF,11:30 AM,12:20 PM,
EXAM,FUR 230,R,12:00 PM,2:30 PM,
LEC,FUR 230,MTRF,1:30 PM,2:20 PM,
EXAM,FUR 230,W,12:00 PM,2:30 PM,
LEC,HIP 204,MWF,9:30 AM,10:20 AM,
EXAM,HIP 204,M,8:30 AM,11:00 AM,
LEC,HIP 204,MWF,10:30 AM,11:20 AM,
EXAM,HIP 204,W,8:30 AM,11:00 AM,
LEC,FUR 227,MR,2:30 PM,4:20 PM,
ADD,FUR 214,T,2:30 PM,5:00 PM,
EXAM,FUR 227,M,3:30 PM,6:00 PM,
LEC,PAC 113,MTWR,7:30 AM,8:20 AM,
EXAM,PAC 113,F,3:30 PM,6:00 PM,
LEC,PAC 113,MTWR,8:30 AM,9:20 AM,
EXAM,PAC 113,R,8:30 AM,11:00 AM,
LEC,PAC 113,MTWR,8:30 AM,9:20 AM,
EXAM,PAC 113,F,8:30 AM,11:00 AM,
LEC,PAC 116,MTRF,10:30 AM,11:20 AM,
EXAM,PAC 116,W,8:30 AM,11:00 AM,
LEC,PAC 116,MTRF,10:30 AM,11:20 AM,
EXAM,PAC 116,T,8:30 AM,11:00 AM,
LEC,PAC 113,WF,10:30 AM,12:20 PM,
EXAM,PAC 113,W,8:30 AM,11:00 AM,
LEC,PAC 113,MTRF,11:30 AM,12:20 PM,
EXAM,PAC 113,R,12:00 PM,2:30 PM,
LEC,PAC 113,MTRF,11:30 AM,12:20 PM,
EXAM,PAC 113,F,12:00 PM,2:30 PM,
LEC,PAC 114,MW,11:30 AM,1:20 PM,
EXAM,PAC 114,R,12:00 PM,2:30 PM,
LEC,PAC 113,MTRF,1:30 PM,2:20 PM,
EXAM,PAC 113,W,12:00 PM,2:30 PM,
LEC,PAC 113,MTRF,1:30 PM,2:20 PM,
EXAM,PAC 113,T,12:00 PM,2:30 PM,
LEC,PAC 113,MTRF,2:30 PM,3:20 PM,
EXAM,PAC 113,M,3:30 PM,6:00 PM,
LEC,PAC 113,MTRF,2:30 PM,3:20 PM,
EXAM,PAC 113,R,3:30 PM,6:00 PM,
LEC,PAC 113,MW,12:30 PM,2:20 PM,
EXAM,PAC 113,M,12:00 PM,2:30 PM,
LEC,PAC 114,MWF,12:30 PM,1:20 PM,
EXAM,PAC 114,M,12:00 PM,2:30 PM,
LEC,PAC 114,TR,8:30 AM,9:45 AM,
LAB,PAC 114,M,2:30 PM,5:20 PM,
EXAM,PAC 114,F,8:30 AM,11:00 AM,
LEC,PAC 114,TR,10:00 AM,11:15 AM,
LAB,PAC 114,W,2:30 PM,5:20 PM,
EXAM,PAC 114,T,8:30 AM,11:00 AM,
LEC,PAC 114,MWF,9:30 AM,10:20 AM,
LAB,PAC 105,T,2:30 PM,5:20 PM,
EXAM,PAC 114,M,8:30 AM,11:00 AM,
LEC,PAC 114,MWF,10:30 AM,11:20 AM,
LAB,PAC 105,R,2:30 PM,5:20 PM,
EXAM,PAC 114,W,8:30 AM,11:00 AM,
LEC,PAC 116,MWF,8:30 AM,9:20 AM,
LAB,PAC 116,M,2:30 PM,5:20 PM,
EXAM,PAC 116,R,8:30 AM,11:00 AM,
LEC,PAC 116,MWF,11:30 AM,12:20 PM,
LAB,PAC 116,W,2:30 PM,5:20 PM,
EXAM,PAC 116,R,12:00 PM,2:30 PM,
LEC,PAC 113,MWF,9:30 AM,10:20 AM,
ADD,PAC SWP,W,9:30 AM,10:20 AM,
LAB,PAC 114,F,7:30 AM,8:20 AM,
EXAM,PAC 113,M,8:30 AM,11:00 AM,
LEC,PAC 116,MWF,9:30 AM,10:20 AM,
LAB,PAC 114,R,2:30 PM,5:20 PM,
EXAM,PAC 116,M,8:30 AM,11:00 AM,
LEC,PAC 116,TR,11:30 AM,12:45 PM,
EXAM,PAC 116,F,12:00 PM,2:30 PM,
,,,,,
LEC,PAC 116,TR,1:00 PM,2:15 PM,
EXAM,PAC 116,T,12:00 PM,2:30 PM,
,,,,,
LEC,PAC 116,TR,8:30 AM,9:45 AM,
EXAM,PAC 116,F,8:30 AM,11:00 AM,
LEC,PAC 113,W,2:30 PM,5:15 PM,
EXAM,PAC 113,T,3:30 PM,6:00 PM,
LEC,PAC 114,TR,1:00 PM,2:15 PM,
EXAM,PAC 114,T,12:00 PM,2:30 PM,
LEC,PAC 116,MWF,12:30 PM,1:20 PM,
LAB,PAC HPL,T,2:30 PM,5:20 PM,
EXAM,PAC 116,M,12:00 PM,2:30 PM,
LEC,PAC 116,MWF,12:30 PM,1:20 PM,
LAB,PAC HPL,W,2:30 PM,5:20 PM,
EXAM,PAC 116,M,12:00 PM,2:30 PM,
LEC,PAC 113,TR,10:00 AM,11:15 AM,
EXAM,PAC 113,T,8:30 AM,11:00 AM,
LEC,PAC 114,TR,11:30 AM,12:45 PM,
EXAM,PAC 114,F,12:00 PM,2:30 PM,
LEC,FUR 204,MWF,9:30 AM,10:20 AM,
EXAM,FUR 204,M,8:30 AM,11:00 AM,
LEC,FUR 204,MWF,11:30 AM,12:20 PM,
EXAM,FUR 204,R,12:00 PM,2:30 PM,
LEC,FUR 208,MWF,8:30 AM,9:20 AM,
EXAM,FUR 208,R,8:30 AM,11:00 AM,
LEC,FUR 204,MWF,1:30 PM,2:20 PM,
EXAM,FUR 204,W,12:00 PM,2:30 PM,
LEC,FUR 207,MWF,9:30 AM,10:20 AM,
EXAM,FUR 207,M,8:30 AM,11:00 AM,
LEC,FUR 208,TR,8:30 AM,9:45 AM,
EXAM,FUR 208,F,8:30 AM,11:00 AM,
LEC,FUR 204,MWF,8:30 AM,9:20 AM,
EXAM,FUR 204,R,8:30 AM,11:00 AM,
LEC,FUR 204,MWF,10:30 AM,11:20 AM,
EXAM,FUR 204,W,8:30 AM,11:00 AM,
LEC,FUR 207,MWF,12:30 PM,1:20 PM,
EXAM,FUR 207,M,12:00 PM,2:30 PM,
LEC,FUR 109,MWF,1:30 PM,2:20 PM,
EXAM,FUR 109,W,12:00 PM,2:30 PM,
LEC,FUR 207,TR,11:30 AM,12:45 PM,
EXAM,FUR 207,F,12:00 PM,2:30 PM,
LEC,FUR 204,MWF,12:30 PM,1:20 PM,
EXAM,FUR 204,M,12:00 PM,2:30 PM,
LEC,FUR 204,TR,1:00 PM,2:15 PM,
EXAM,FUR 204,T,12:00 PM,2:30 PM,
LEC,FUR 107,MWF,10:30 AM,11:20 AM,
EXAM,FUR 107,W,8:30 AM,11:00 AM,
LEC,FUR 207,MWF,8:30 AM,9:20 AM,
EXAM,FUR 207,R,8:30 AM,11:00 AM,
LEC,FUR 107,MWF,11:30 AM,12:20 PM,
EXAM,FUR 107,R,12:00 PM,2:30 PM,
LEC,FUR 208,MWF,9:30 AM,10:20 AM,
EXAM,FUR 208,M,8:30 AM,11:00 AM,
LEC,FUR 204,TR,11:30 AM,12:45 PM,
EXAM,FUR 204,F,12:00 PM,2:30 PM,
LEC,FUR 208,MWF,12:30 PM,1:20 PM,
EXAM,FUR 208,M,12:00 PM,2:30 PM,
LEC,FUR 121,TR,10:00 AM,11:15 AM,
EXAM,FUR 121,T,8:30 AM,11:00 AM,
LEC,FUR 208,MWF,11:30 AM,12:20 PM,
EXAM,FUR 208,R,12:00 PM,2:30 PM,
SEM,FUR 208,T,2:30 PM,5:00 PM,
EXAM,FUR 208,R,3:30 PM,6:00 PM,
SEM,FUR 204,T,2:30 PM,5:00 PM,
EXAM,FUR 204,R,3:30 PM,6:00 PM,
LEC,JHN 101,TR,10:00 AM,11:15 AM,
EXAM,JHN 101,T,8:30 AM,11:00 AM,
,,,,,
LEC,FUR 117,W,12:30 PM,2:20 PM,
EXAM,FUR 117,M,12:00 PM,2:30 PM,
LEC,JHN 207,MWF,8:30 AM,9:20 AM,
EXAM,JHN 207,R,8:30 AM,11:00 AM,
LEC,FUR 106,MTWRF,8:30 AM,9:20 AM,
EXAM,FUR 106,R,8:30 AM,11:00 AM,
LEC,FUR 118,MTWRF,10:30 AM,11:20 AM,
EXAM,FUR 118,W,8:30 AM,11:00 AM,
LEC,HIP 106,MTWRF,8:30 AM,9:20 AM,
EXAM,HIP 106,R,8:30 AM,11:00 AM,
,,,,,
LEC,RLY 109E,MWF,12:30 PM,1:20 PM,
EXAM,RLY 109E,M,12:00 PM,2:30 PM,
LEC,FUR 127,MTRF,10:30 AM,11:20 AM,
EXAM,FUR 127,W,8:30 AM,11:00 AM,
LEC,FUR 126,MWF,11:30 AM,12:20 PM,
EXAM,FUR 126,R,12:00 PM,2:30 PM,
LEC,FUR 127,MWF,9:30 AM,10:20 AM,
EXAM,FUR 127,M,8:30 AM,11:00 AM,
SKL,PAC 116,MW,1:30 PM,2:20 PM,
LAB,PAC 116,M,2:30 PM,5:00 PM,
ADD,,MTWRF,6:00 AM,7:00 AM,
EXAM,PAC 116,W,12:00 PM,2:30 PM,
SKL,JHN 201,MW,1:30 PM,2:20 PM,
LAB,JHN 201,M,2:30 PM,5:00 PM,
ADD,,MTWRF,6:00 AM,7:00 AM,
EXAM,JHN 201,W,12:00 PM,2:30 PM,
SKL,BCM CLR,MW,1:30 PM,2:20 PM,
LAB,BCM CLR,M,2:30 PM,5:00 PM,
ADD,,MTWRF,6:00 AM,7:00 AM,
EXAM,BCM CLR,W,12:00 PM,2:30 PM,
SKL,,,,,
SKL,BCM CLR,,7:00 AM,8:00 AM,
LAB,BCM CLR,M,2:30 PM,5:00 PM,
ADD,,MTWRF,6:00 AM,7:00 AM,
EXAM,BCM CLR,F,3:30 PM,6:00 PM,
LEC,RLY 204,MWF,8:30 AM,9:20 AM,
EXAM,RLY 204,R,8:30 AM,11:00 AM,
LEC,RLY 109E,MWF,9:30 AM,10:20 AM,
EXAM,RLY 109E,M,8:30 AM,11:00 AM,
LEC,RLY 103,MWF,11:30 AM,12:20 PM,
EXAM,RLY 103,R,12:00 PM,2:30 PM,
LEC,RLY 102,MWF,1:30 PM,2:20 PM,
EXAM,RLY 102,W,12:00 PM,2:30 PM,
LEC,RLY 109E,MWF,10:30 AM,11:20 AM,
EXAM,RLY 109E,W,8:30 AM,11:00 AM,
LEC,RLY 103,MWF,12:30 PM,1:20 PM,
EXAM,RLY 103,M,12:00 PM,2:30 PM,
LEC,RLY 103,MWF,1:30 PM,2:20 PM,
EXAM,RLY 103,W,12:00 PM,2:30 PM,
LEC,RLY 105,MWF,1:30 PM,2:20 PM,
EXAM,RLY 105,W,12:00 PM,2:30 PM,
LEC,RLY 109E,MWF,8:30 AM,9:20 AM,
EXAM,RLY 109E,R,8:30 AM,11:00 AM,
LEC,RLY 107,MWF,12:30 PM,1:20 PM,
EXAM,RLY 107,M,12:00 PM,2:30 PM,
LEC,RLY 105,MTRF,8:30 AM,9:20 AM,
EXAM,RLY 105,R,8:30 AM,11:00 AM,
LEC,RLY 103,MTRF,10:30 AM,11:20 AM,
EXAM,RLY 103,W,8:30 AM,11:00 AM,
LEC,RLY 105,MTRF,11:30 AM,12:20 PM,
EXAM,RLY 105,R,12:00 PM,2:30 PM,
LEC,RLY 107,MTWF,11:30 AM,12:20 PM,
EXAM,RLY 107,R,12:00 PM,2:30 PM,
LEC,RLY 107,MTRF,8:30 AM,9:20 AM,
EXAM,RLY 107,R,8:30 AM,11:00 AM,
LEC,RLY 107,MTRF,1:30 PM,2:20 PM,
EXAM,RLY 107,W,12:00 PM,2:30 PM,
LEC,RLY 105,MWF,9:30 AM,10:20 AM,
EXAM,RLY 105,M,8:30 AM,11:00 AM,
LEC,RLY 105,MWF,10:30 AM,11:20 AM,
EXAM,RLY 105,W,8:30 AM,11:00 AM,
LEC,RLY 102,MWF,8:30 AM,9:20 AM,
EXAM,RLY 102,R,8:30 AM,11:00 AM,
LEC,RLY 109E,MWF,1:30 PM,2:20 PM,
EXAM,RLY 109E,W,12:00 PM,2:30 PM,
LEC,RLY 102,MWF,10:30 AM,11:20 AM,
EXAM,RLY 102,W,8:30 AM,11:00 AM,
LEC,RLY 102,MWF,12:30 PM,1:20 PM,
EXAM,RLY 102,W,12:00 PM,2:30 PM,
LEC,RLY 103,MTWR,8:30 AM,9:20 AM,
EXAM,RLY 103,R,8:30 AM,11:00 AM,
LEC,RLY 103,MTWR,9:30 AM,10:20 AM,
EXAM,RLY 103,M,8:30 AM,11:00 AM,
LEC,HIP 102,MWF,9:30 AM,10:20 AM,
EXAM,HIP 102,M,8:30 AM,11:00 AM,
LEC,RLY 102,MWF,11:30 AM,12:20 PM,
EXAM,RLY 102,R,12:00 PM,2:30 PM,
LEC,RLY 105,MWF,12:30 PM,1:20 PM,
EXAM,RLY 105,M,12:00 PM,2:30 PM,
LEC,RLY 107,MWF,10:30 AM,11:20 AM,
EXAM,RLY 107,W,8:30 AM,11:00 AM,
ACT,DMB RCT,T,2:30 PM,3:20 PM,
SEM,DMB RCT,F,1:30 PM,2:20 PM,
ACT,DMB 013,TR,3:30 PM,5:30 PM,
ACT,DMB 013,M,3:30 PM,5:30 PM,
ADD,DMB 013,WF,3:45 PM,5:45 PM,
,,,,,
ACT,HMP 121,TR,3:30 PM,5:30 PM,
ACT,HMP 121,TR,1:00 PM,2:15 PM,
ADD,HMP 121,R,3:30 PM,5:30 PM,
ACT,HMP 121,TR,1:00 PM,2:15 PM,
ADD,HMP 121,T,3:30 PM,5:30 PM,
ACT,HMP 121,MW,2:30 PM,3:20 PM,
,,,,,
,,,,,
ACT,HMP 121,TR,3:30 PM,5:30 PM,
ACT,DMB 013,MRF,2:30 PM,3:20 PM,
ACT,DMB 013,TR,5:30 PM,7:30 PM,
ACT,DMB 013,TR,5:30 PM,7:30 PM,
ACT,DMB 013,TR,5:30 PM,7:30 PM,
ACT,DMB 013,W,2:30 PM,3:20 PM,
,,,,,
,,,,,
,,,,,
ACT,DMB 013,MW,6:00 PM,8:00 PM,
,,,,,
ACT,,,,,
ACT,,,,,
LEC,FUR 214,TR,8:30 AM,9:45 AM,
EXAM,FUR 214,F,8:30 AM,11:00 AM,
LEC,FUR 214,MWF,10:30 AM,11:20 AM,
EXAM,FUR 214,W,8:30 AM,11:00 AM,
LEC,FUR 214,W,2:30 PM,5:00 PM,
EXAM,FUR 214,T,3:30 PM,6:00 PM,
LEC,FUR 214,MWF,12:30 PM,1:20 PM,
EXAM,FUR 214,M,12:00 PM,2:30 PM,
LEC,FUR 214,MWF,8:30 AM,9:20 AM,
SKL,DMB 104,MF,9:30 AM,10:20 AM,
EXAM,DMB 104,M,8:30 AM,11:00 AM,
SKL,DMB 005,WF,9:30 AM,10:20 AM,
EXAM,DMB 005,M,8:30 AM,11:00 AM,
SKL,DMB 013,TR,1:00 PM,1:50 PM,
EXAM,DMB 013,T,12:00 PM,2:30 PM,
SKL,DMB 013,TR,11:30 AM,12:20 PM,
EXAM,DMB 013,F,12:00 PM,2:30 PM,
LEC,DMB 003,TR,8:30 AM,9:20 AM,
EXAM,DMB 003,F,8:30 AM,11:00 AM,
LEC,DMB 003,TR,10:30 AM,11:20 AM,
EXAM,DMB 003,T,8:30 AM,11:00 AM,
LEC,DMB 003,TR,11:30 AM,12:20 PM,
EXAM,DMB 003,F,12:00 PM,2:30 PM,
SKL,DMB 003,MF,8:30 AM,9:20 AM,
EXAM,DMB 003,R,8:30 AM,11:00 AM,
SKL,DMB 003,MF,10:30 AM,11:20 AM,
EXAM,DMB 003,W,8:30 AM,11:00 AM,
SKL,DMB 003,MF,11:30 AM,12:20 PM,
EXAM,DMB 003,R,12:00 PM,2:30 PM,
SKL,DMB 004,W,8:30 AM,9:20 AM,
EXAM,DMB 004,R,8:30 AM,11:00 AM,
SKL,DMB 005,W,8:30 AM,9:20 AM,
EXAM,DMB 005,R,8:30 AM,11:00 AM,
SKL,DMB 004,W,10:30 AM,11:20 AM,
EXAM,DMB 004,W,8:30 AM,11:00 AM,
SKL,DMB 005,W,10:30 AM,11:20 AM,
EXAM,DMB 005,F,3:30 PM,6:00 PM,
SKL,DMB 004,W,11:30 AM,12:20 PM,
EXAM,DMB 004,R,12:00 PM,2:30 PM,
SKL,DMB 005,W,11:30 AM,12:20 PM,
EXAM,DMB 005,R,12:00 PM,2:30 PM,
SEM,HMP 123E,F,2:30 PM,4:00 PM,
EXAM,HMP 123E,F,3:30 PM,6:00 PM,
,,,,,
LEC,DMB 104,TR,8:30 AM,9:20 AM,
EXAM,DMB 104,F,8:30 AM,11:00 AM,
LEC,DMB 104,TR,10:30 AM,11:20 AM,
EXAM,DMB 104,T,8:30 AM,11:00 AM,
LEC,DMB 104,TR,11:30 AM,12:20 PM,
EXAM,DMB 104,F,12:00 PM,2:30 PM,
SKL,DMB 104,MW,8:30 AM,9:20 AM,
EXAM,DMB 104,R,8:30 AM,11:00 AM,
SKL,DMB 104,MW,10:30 AM,11:20 AM,
EXAM,DMB 104,W,8:30 AM,11:00 AM,
SKL,DMB 104,MW,11:30 AM,12:20 PM,
EXAM,DMB 104,R,12:00 PM,2:30 PM,
SKL,DMB 004,F,8:30 AM,9:20 AM,
EXAM,DMB 004,R,8:30 AM,11:00 AM,
SKL,DMB 005,F,8:30 AM,9:20 AM,
EXAM,DMB 005,R,8:30 AM,11:00 AM,
SKL,DMB 004,F,10:30 AM,11:20 AM,
EXAM,DMB 004,W,8:30 AM,11:00 AM,
SKL,DMB 005,F,10:30 AM,11:20 AM,
EXAM,DMB 005,W,8:30 AM,11:00 AM,
SKL,DMB 004,F,11:30 AM,12:20 PM,
EXAM,DMB 004,R,12:00 PM,2:30 PM,
SKL,DMB 005,F,11:30 AM,12:20 PM,
EXAM,DMB 005,R,12:00 PM,2:30 PM,
LEC,HMP 121,MF,9:30 AM,10:20 AM,
EXAM,HMP 121,M,8:30 AM,11:00 AM,
,,,,,
LEC,HMP 121,MW,12:30 PM,1:20 PM,
EXAM,HMP 121,M,12:00 PM,2:30 PM,
,,,,,
LEC,HMP 123E,F,2:30 PM,4:00 PM,
EXAM,HMP 123E,F,3:30 PM,6:00 PM,
LEC,HMP 121,MWF,8:30 AM,9:20 AM,
EXAM,HMP 121,R,8:30 AM,11:00 AM,
,,,,,
LEC,HMP 121,MWF,8:30 AM,9:20 AM,
EXAM,HMP 121,R,8:30 AM,11:00 AM,
,,,,,
LEC,HMP 121,R,11:30 AM,12:45 PM,
EXAM,HMP 121,F,12:00 PM,2:30 PM,
LEC,DMB 013,MW,11:30 AM,12:20 PM,
EXAM,DMB 013,R,12:00 PM,2:30 PM,
LEC,DMB 013,MW,12:30 PM,1:20 PM,
EXAM,DMB 013,M,12:00 PM,2:30 PM,
,,,,,
LEC,DMB 013,MW,10:30 AM,11:20 AM,
EXAM,DMB 013,W,8:30 AM,11:00 AM,
SKL,,,,,
SKL,,,,,
SKL,,,,,
LEC,DMB 013,TR,10:00 AM,10:50 AM,
EXAM,DMB 013,T,8:30 AM,11:00 AM,
LEC,HMP 121,TR,10:00 AM,10:50 AM,
EXAM,HMP 121,T,8:30 AM,11:00 AM,
LEC,DMB RCT,M,4:00 PM,6:00 PM,
ADD,DMB RCT,W,3:30 PM,4:30 PM,
EXAM,DMB RCT,M,3:30 PM,6:00 PM,
LEC,HMP 123E,TR,8:30 AM,9:45 AM,
EXAM,HMP 123E,F,8:30 AM,11:00 AM,
LEC,,,,,
LEC,,,,,
,,,,,
,,,,,
LEC,,,,,
LEC,HMP 121,MW,11:30 AM,12:20 PM,
LEC,HMP 123E,TR,11:30 AM,12:45 PM,
EXAM,HMP 123E,F,12:00 PM,2:30 PM,
LEC,HMP 121,TR,8:30 AM,9:45 AM,
EXAM,HMP 121,F,8:30 AM,11:00 AM,
LEC,HMP 121,T,11:30 AM,12:45 PM,
EXAM,DMB 004,F,12:00 PM,2:30 PM,
STU,DMB 104,TR,1:00 PM,1:50 PM,
EXAM,DMB 104,T,12:00 PM,2:30 PM,
,,,,,
IDI,,,,,
STU,DMB 104,MW,1:30 PM,2:20 PM,
,,,,,
,,,,,
,,,,,
,,,,,
,,,,,
,,,,,
,,,,,
STU,,,,,
STU,,,,,
STU,,,,,
STU,,,,,
STU,,,,,
STU,,,,,
STU,,,,,
STU,,,,,
STU,,,,,
STU,,,,,
STU,,,,,
STU,,,,,
STU,,,,,
STU,,,,,
STU,,,,,
STU,,,,,
STU,,,,,
STU,,,,,
STU,,,,,
STU,,,,,
STU,,,,,
STU,,,,,
STU,,,,,
STU,,,,,
STU,,,,,
STU,,,,,
STU,,,,,
STU,,,,,
STU,,,,,
STU,,,,,
STU,,,,,
STU,,,,,
STU,,,,,
STU,,,,,
STU,,,,,
STU,,,,,
STU,,,,,
STU,DMB 003,MW,1:30 PM,2:20 PM,
,,,,,
,,,,,
,,,,,
,,,,,
STU,,,,,
STU,,,,,
STU,,,,,
STU,,,,,
STU,,,,,
STU,,,,,
STU,,,,,
STU,,,,,
STU,,,,,
STU,,,,,
STU,,,,,
STU,,,,,
STU,,,,,
STU,,,,,
STU,,,,,
STU,,,,,
STU,,,,,
STU,,,,,
STU,,,,,
STU,,,,,
STU,,,,,
STU,,,,,
STU,,,,,
STU,,,,,
STU,,,,,
STU,,,,,
STU,,,,,
STU,,,,,
STU,,,,,
STU,,,,,
STU,,,,,
STU,,,,,
STU,,,,,
STU,,,,,
STU,,,,,
STU,,,,,
STU,,,,,
STU,,,,,
STU,,,,,
STU,,,,,
STU,,,,,
STU,,,,,
STU,,,,,
STU,,,,,
STU,,,,,
STU,DMB 013,MW,1:30 PM,2:20 PM,
,,,,,
,,,,,
,,,,,
,,,,,
STU,,,,,
STU,,,,,
STU,,,,,
STU,,,,,
STU,,,,,
STU,,,,,
STU,,,,,
STU,,,,,
STU,,,,,
STU,,,,,
STU,,,,,
STU,,,,,
STU,,,,,
STU,,,,,
STU,,,,,
STU,,,,,
STU,,,,,
STU,,,,,
STU,,,,,
STU,,,,,
STU,,,,,
STU,,,,,
STU,,,,,
STU,,,,,
STU,,,,,
STU,,,,,
STU,,,,,
STU,,,,,
STU,,,,,
STU,,,,,
STU,,,,,
STU,,,,,
STU,,,,,
STU,,,,,
STU,,,,,
STU,,,,,
STU,,,,,
STU,,,,,
STU,,,,,
STU,,,,,
STU,,,,,
STU,,,,,
STU,HMP 121,MW,1:30 PM,2:20 PM,
,,,,,
,,,,,
,,,,,
,,,,,
,,,,,
STU,,,,,
STU,,,,,
STU,,,,,
STU,,,,,
STU,,,,,
STU,,,,,
STU,,,,,
STU,,,,,
STU,,,,,
STU,,,,,
STU,,,,,
STU,,,,,
STU,,,,,
STU,,,,,
STU,,,,,
STU,,,,,
STU,,,,,
STU,,,,,
STU,,,,,
STU,,,,,
STU,,,,,
STU,,,,,
STU,,,,,
STU,,,,,
STU,,,,,
LEC,,,,,
LEC,,,,,
LEC,,,,,
LEC,,,,,
LEC,,,,,
STU,,,,,
STU,,,,,
STU,,,,,
STU,,,,,
STU,,,,,
STU,,,,,
STU,,,,,
STU,,,,,
STU,,,,,
STU,,,,,
STU,,,,,
STU,,,,,
STU,,,,,
STU,,,,,
STU,,,,,
STU,,,,,
STU,,,,,
STU,,,,,
STU,,,,,
STU,,,,,
STU,,,,,
STU,,,,,
STU,,,,,
STU,,,,,
STU,DMB SER,MW,1:30 PM,2:20 PM,
STU,,,,,
STU,,,,,
STU,,,,,
STU,,,,,
STU,,,,,
STU,,,,,
STU,,,,,
STU,,,,,
STU,,,,,
STU,,,,,
STU,,,,,
STU,,,,,
STU,DMB 005,M,1:30 PM,2:20 PM,
ADD,HMP 123E,W,1:30 PM,2:20 PM,
,,,,,
,,,,,
,,,,,
STU,,,,,
STU,,,,,
STU,,,,,
STU,,,,,
STU,,,,,
STU,,,,,
STU,,,,,
STU,,,,,
STU,,,,,
STU,,,,,
STU,,,,,
STU,,,,,
STU,,,,,
STU,,,,,
STU,,,,,
STU,,,,,
STU,,,,,
STU,,,,,
STU,,,,,
STU,,,,,
STU,,,,,
STU,,,,,
STU,,,,,
STU,,,,,
STU,,,,,
STU,,,,,
STU,CHP SAN,TF,11:30 AM,12:20 PM,
STU,,,,,
STU,,,,,
STU,,,,,
STU,,,,,
STU,,,,,
SEM,JHN 212,F,2:30 PM,5:00 PM,
EXAM,JHN 212,R,3:30 PM,6:00 PM,
,,,,,
LEC,FUR 126,MWF,1:30 PM,2:20 PM,
EXAM,FUR 126,W,12:00 PM,2:30 PM,
LEC,FUR 108,MWF,11:30 AM,12:20 PM,
EXAM,FUR 108,R,12:00 PM,2:30 PM,
LEC,FUR 108,MWF,12:30 PM,1:20 PM,
EXAM,FUR 108,M,12:00 PM,2:30 PM,
LEC,FUR 126,TR,8:30 AM,9:45 AM,
EXAM,FUR 126,F,8:30 AM,11:00 AM,
LEC,FUR 109,MWF,9:30 AM,10:20 AM,
EXAM,FUR 109,M,8:30 AM,11:00 AM,
LEC,HIP 106,TR,1:00 PM,2:15 PM,
EXAM,HIP 106,T,12:00 PM,2:30 PM,
LEC,FUR 118,TR,2:30 PM,3:45 PM,
EXAM,FUR 118,R,3:30 PM,6:00 PM,
LEC,FUR 128,MWF,1:30 PM,2:20 PM,
EXAM,FUR 128,W,12:00 PM,2:30 PM,
LEC,FUR 108,MWF,9:30 AM,10:20 AM,
EXAM,FUR 108,M,8:30 AM,11:00 AM,
LEC,FUR 214,MTRF,7:30 AM,8:20 AM,
EXAM,FUR 214,F,3:30 PM,6:00 PM,
LEC,FUR 126,TR,10:00 AM,11:15 AM,
EXAM,FUR 126,T,8:30 AM,11:00 AM,
LEC,FUR 128,W,2:30 PM,5:00 PM,
EXAM,FUR 128,T,3:30 PM,6:00 PM,
LEC,FUR 126,TF,2:30 PM,3:45 PM,
EXAM,FUR 126,R,3:30 PM,6:00 PM,
LEC,PYR 222,MWF,9:30 AM,10:20 AM,
LAB,RNK 252,M,1:30 PM,3:20 PM,
EXAM,PYR 222,M,8:30 AM,11:00 AM,
LEC,PYR 222,MWF,9:30 AM,10:20 AM,
LAB,RNK 252,M,3:30 PM,5:20 PM,
EXAM,PYR 222,M,8:30 AM,11:00 AM,
LEC,PYR 222,MWF,8:30 AM,9:20 AM,
LAB,RNK 252,T,1:00 PM,2:50 PM,
EXAM,PYR 222,R,8:30 AM,11:00 AM,
LEC,PYR 222,MWF,8:30 AM,9:20 AM,
LAB,RNK 252,T,3:00 PM,4:50 PM,
EXAM,PYR 222,R,8:30 AM,11:00 AM,
LEC,PYR 222,MWF,10:30 AM,11:20 AM,
LAB,RNK 252,W,1:30 PM,3:20 PM,
EXAM,PYR 222,W,8:30 AM,11:00 AM,
LEC,PYR 222,MWF,10:30 AM,11:20 AM,
LAB,RNK 252,W,3:30 PM,5:20 PM,
EXAM,PYR 222,W,8:30 AM,11:00 AM,
LEC,PYR 222,MWF,11:30 AM,12:20 PM,
LAB,RNK 251,T,2:30 PM,4:20 PM,
EXAM,PYR 222,R,12:00 PM,2:30 PM,
LEC,PYR 222,MWF,11:30 AM,12:20 PM,
LAB,RNK 251,R,3:00 PM,4:50 PM,
EXAM,PYR 222,R,12:00 PM,2:30 PM,
LEC,PYR 201,MWF,12:30 PM,1:20 PM,
LAB,,,,,
EXAM,PYR 201,M,12:00 PM,2:30 PM,
LEC,PYR 026,MWF,9:30 AM,10:20 AM,
EXAM,PYR 026,M,8:30 AM,11:00 AM,
LEC,RNK 253,MWF,8:30 AM,9:20 AM,
EXAM,RNK 253,R,8:30 AM,11:00 AM,
LEC,PYR 201,TR,11:30 AM,12:45 PM,
EXAM,PYR 201,F,12:00 PM,2:30 PM,
LEC,JHN 109,MWF,9:30 AM,10:20 AM,
EXAM,JHN 109,M,8:30 AM,11:00 AM,
LEC,JHN 109,MWF,10:30 AM,11:20 AM,
EXAM,JHN 109,W,8:30 AM,11:00 AM,
LEC,JHN 109,MWF,11:30 AM,12:20 PM,
EXAM,JHN 109,R,12:00 PM,2:30 PM,
LEC,JHN 101,MWF,12:30 PM,1:20 PM,
EXAM,JHN 101,M,12:00 PM,2:30 PM,
LEC,JHN 107,MWF,1:30 PM,2:20 PM,
EXAM,JHN 107,W,12:00 PM,2:30 PM,
LEC,JHN 109,TR,8:30 AM,9:45 AM,
EXAM,JHN 109,F,8:30 AM,11:00 AM,
LEC,JHN 109,TR,10:00 AM,11:15 AM,
EXAM,JHN 109,T,8:30 AM,11:00 AM,
LEC,JHN 105,MWF,9:30 AM,10:20 AM,
EXAM,JHN 105,M,8:30 AM,11:00 AM,
LEC,JHN 101,MWF,10:30 AM,11:20 AM,
EXAM,JHN 101,W,8:30 AM,11:00 AM,
LEC,JHN 109,MWF,12:30 PM,1:20 PM,
EXAM,JHN 109,M,12:00 PM,2:30 PM,
LEC,JHN 109,MWF,1:30 PM,2:20 PM,
EXAM,JHN 109,W,12:00 PM,2:30 PM,
LEC,JHN 212,TR,11:30 AM,12:45 PM,
EXAM,JHN 212,F,12:00 PM,2:30 PM,
LEC,JHN 109,TR,1:00 PM,2:15 PM,
EXAM,JHN 109,T,12:00 PM,2:30 PM,
LEC,JHN 109,TR,2:30 PM,3:45 PM,
EXAM,JHN 109,R,3:30 PM,6:00 PM,
LEC,JHN 207,TR,8:30 AM,9:45 AM,
ADD,JHN 203,W,3:30 PM,4:45 PM,
EXAM,JHN 207,F,8:30 AM,11:00 AM,
LEC,JHN 109,TR,11:30 AM,12:45 PM,
ADD,JHN 203,R,3:30 PM,4:45 PM,
EXAM,JHN 109,F,12:00 PM,2:30 PM,
LEC,JHN 105,MWF,1:30 PM,2:20 PM,
EXAM,JHN 105,W,12:00 PM,2:30 PM,
LEC,JHN 105,TR,10:00 AM,11:15 AM,
EXAM,JHN 105,T,8:30 AM,11:00 AM,
LEC,JHN 101,TR,1:00 PM,2:15 PM,
EXAM,JHN 101,T,12:00 PM,2:30 PM,
LEC,JHN 105,MWF,10:30 AM,11:20 AM,
EXAM,JHN 105,W,8:30 AM,11:00 AM,
LEC,JHN 111I,TR,11:30 AM,12:45 PM,
EXAM,JHN 111I,F,12:00 PM,2:30 PM,
,,,,,
LEC,HIP 102,TR,1:00 PM,2:15 PM,
EXAM,HIP 102,T,12:00 PM,2:30 PM,
LEC,JHN 105,MR,2:30 PM,3:45 PM,
EXAM,JHN 105,M,3:30 PM,6:00 PM,
LEC,JHN 201,TR,10:00 AM,11:15 AM,
EXAM,JHN 201,T,8:30 AM,11:00 AM,
LEC,JHN 107,MWF,11:30 AM,12:20 PM,
EXAM,JHN 107,R,12:00 PM,2:30 PM,
LEC,JHN 101,MWF,9:30 AM,10:20 AM,
EXAM,JHN 101,M,8:30 AM,11:00 AM,
LEC,JHN 101,TR,11:30 AM,12:45 PM,
EXAM,JHN 101,F,12:00 PM,2:30 PM,
SEM,JHN 111I,M,2:30 PM,5:00 PM,
EXAM,JHN 111I,M,3:30 PM,6:00 PM,
IDI,JHN 111I,T,2:30 PM,5:00 PM,
EXAM,JHN 111I,R,3:30 PM,6:00 PM,
LEC,JHN 201,MWF,9:30 AM,10:20 AM,
EXAM,JHN 201,M,8:30 AM,11:00 AM,
LEC,JHN 208,MWF,10:30 AM,11:20 AM,
EXAM,JHN 208,W,8:30 AM,11:00 AM,
LEC,JHN 208,TR,10:00 AM,11:15 AM,
EXAM,JHN 208,T,8:30 AM,11:00 AM,
LEC,JHN 201,TR,1:00 PM,2:15 PM,
EXAM,JHN 201,T,12:00 PM,2:30 PM,
LEC,JHN 212,MWF,10:30 AM,12:20 PM,
LAB,JHN 212,W,2:30 PM,4:20 PM,
LEC,JHN 212,MWF,12:30 PM,2:20 PM,
LAB,JHN 212,T,2:30 PM,4:20 PM,
LEC,JHN 212,MWF,10:30 AM,12:20 PM,
LAB,JHN 212,W,2:30 PM,4:20 PM,
EXAM,JHN 212,W,8:30 AM,11:00 AM,
LEC,JHN 212,MWF,12:30 PM,2:20 PM,
LAB,JHN 212,T,2:30 PM,4:20 PM,
EXAM,JHN 212,M,12:00 PM,2:30 PM,
LEC,JHN 207,TR,10:00 AM,11:15 AM,
EXAM,JHN 207,T,8:30 AM,11:00 AM,
LEC,JHN 207,TR,2:30 PM,3:45 PM,
EXAM,JHN 207,R,3:30 PM,6:00 PM,
LEC,JHN 207,MWF,12:30 PM,1:20 PM,
EXAM,JHN 207,M,12:00 PM,2:30 PM,
LEC,JHN 208,TR,1:00 PM,2:15 PM,
EXAM,JHN 208,T,12:00 PM,2:30 PM,
LEC,JHN 207,TR,1:00 PM,2:15 PM,
LAB,JHN 216,W,2:30 PM,5:00 PM,
EXAM,JHN 207,T,12:00 PM,2:30 PM,
LEC,JHN 208,MWF,11:30 AM,12:20 PM,
LAB,JHN 203,T,2:30 PM,4:20 PM,
EXAM,JHN 208,R,12:00 PM,2:30 PM,
LEC,JHN 216,TR,10:00 AM,11:15 AM,
EXAM,JHN 216,T,8:30 AM,11:00 AM,
LEC,JHN 206H,MR,2:30 PM,4:20 PM,
EXAM,JHN 206H,M,3:30 PM,6:00 PM,
LEC,FUR 128,TR,10:00 AM,11:15 AM,
EXAM,FUR 128,T,8:30 AM,11:00 AM,
LEC,JHN 207,MWF,10:30 AM,11:20 AM,
EXAM,JHN 207,W,8:30 AM,11:00 AM,
LEC,JHN 207,MWF,11:30 AM,12:20 PM,
EXAM,JHN 207,R,12:00 PM,2:30 PM,
LEC,FUR 208,MWF,1:30 PM,2:20 PM,
EXAM,FUR 208,W,12:00 PM,2:30 PM,
LEC,FUR 107,MWF,1:30 PM,2:20 PM,
EXAM,FUR 107,W,12:00 PM,2:30 PM,
LEC,FUR 107,MWF,8:30 AM,9:20 AM,
EXAM,FUR 107,R,8:30 AM,11:00 AM,
LEC,FUR 107,MWF,9:30 AM,10:20 AM,
EXAM,FUR 107,M,8:30 AM,11:00 AM,
LEC,FUR 209,TR,11:30 AM,12:45 PM,
EXAM,FUR 209,F,12:00 PM,2:30 PM,
LEC,FUR 106,MWF,9:30 AM,10:20 AM,
EXAM,FUR 106,M,8:30 AM,11:00 AM,
LEC,HIP 106,MWF,11:30 AM,12:20 PM,
EXAM,HIP 106,R,12:00 PM,2:30 PM,
LEC,FUR 208,TR,10:00 AM,11:15 AM,
EXAM,FUR 208,T,8:30 AM,11:00 AM,
LEC,FUR 111,TR,10:00 AM,11:15 AM,
EXAM,FUR 111,T,8:30 AM,11:00 AM,
LEC,JHN 208,MWF,9:30 AM,10:20 AM,
EXAM,JHN 208,M,8:30 AM,11:00 AM,
LEC,FUR 208,MWF,10:30 AM,11:20 AM,
EXAM,FUR 208,W,8:30 AM,11:00 AM,
LEC,FUR 209,TR,10:00 AM,11:15 AM,
EXAM,FUR 209,T,8:30 AM,11:00 AM,
LEC,FUR 106,MWF,12:30 PM,1:20 PM,
EXAM,FUR 106,M,12:00 PM,2:30 PM,
LEC,FUR 121,W,2:30 PM,5:00 PM,
EXAM,FUR 121,T,3:30 PM,6:00 PM,
LEC,FUR 209,MWF,12:30 PM,1:20 PM,
EXAM,FUR 209,M,12:00 PM,2:30 PM,
SEM,FUR 117,TR,1:00 PM,2:15 PM,
EXAM,FUR 117,T,12:00 PM,2:30 PM,
SEM,FUR 119,T,2:30 PM,5:00 PM,
EXAM,FUR 119,R,3:30 PM,6:00 PM,
LEC,JHN 101,MWF,8:30 AM,9:20 AM,
EXAM,JHN 101,R,8:30 AM,11:00 AM,
LEC,JHN 107,MWF,9:30 AM,10:20 AM,
EXAM,JHN 107,M,8:30 AM,11:00 AM,
LEC,JHN 105,TR,1:00 PM,2:15 PM,
EXAM,JHN 105,T,12:00 PM,2:30 PM,
LEC,JHN 105,TR,11:30 AM,12:45 PM,
EXAM,JHN 105,F,12:00 PM,2:30 PM,
LEC,JHN 105,TR,8:30 AM,9:45 AM,
EXAM,JHN 105,F,8:30 AM,11:00 AM,
LEC,JHN 101,MWF,8:30 AM,9:20 AM,
EXAM,JHN 101,R,8:30 AM,11:00 AM,
LEC,JHN 105,MWF,11:30 AM,12:20 PM,
EXAM,JHN 105,R,12:00 PM,2:30 PM,
LEC,JHN 107,TR,11:30 AM,12:45 PM,
EXAM,JHN 107,F,12:00 PM,2:30 PM,
LEC,JHN 107,TR,10:00 AM,11:15 AM,
EXAM,JHN 107,T,8:30 AM,11:00 AM,
LEC,JHN 107,TR,8:30 AM,9:45 AM,
EXAM,JHN 107,F,8:30 AM,11:00 AM,
LEC,JHN 107,MWF,10:30 AM,11:20 AM,
EXAM,JHN 107,W,8:30 AM,11:00 AM,
SEM,JHN 106G,W,2:30 PM,5:00 PM,
EXAM,JHN 106G,T,3:30 PM,6:00 PM,
SEM,JHN 106G,MR,2:30 PM,3:45 PM,
EXAM,JHN 106G,M,3:30 PM,6:00 PM,
LEC,FUR 230,MTRF,8:30 AM,9:20 AM,
EXAM,FUR 230,R,8:30 AM,11:00 AM,
LEC,FUR 230,MTRF,10:30 AM,11:20 AM,
EXAM,FUR 230,W,8:30 AM,11:00 AM,
LEC,FUR 128,MTRF,11:30 AM,12:20 PM,
EXAM,FUR 128,R,12:00 PM,2:30 PM,
LEC,FUR 229,MTRF,1:30 PM,2:20 PM,
EXAM,FUR 229,W,12:00 PM,2:30 PM,
LEC,FUR 229,MTRF,8:30 AM,9:20 AM,
EXAM,FUR 229,R,8:30 AM,11:00 AM,
LEC,FUR 229,MTRF,9:30 AM,10:20 AM,
EXAM,FUR 229,M,8:30 AM,11:00 AM,
LEC,FUR 229,MTRF,10:30 AM,11:20 AM,
EXAM,FUR 229,W,8:30 AM,11:00 AM,
LEC,FUR 227,MTRF,10:30 AM,11:20 AM,
EXAM,FUR 227,W,8:30 AM,11:00 AM,
LEC,FUR 227,MTRF,11:30 AM,12:20 PM,
EXAM,FUR 227,R,12:00 PM,2:30 PM,
LEC,JHN 201,MTRF,11:30 AM,12:20 PM,
EXAM,JHN 201,R,12:00 PM,2:30 PM,
LEC,FUR 227,MWF,8:30 AM,9:20 AM,
EXAM,FUR 227,R,8:30 AM,11:00 AM,
LEC,FUR 227,MWF,9:30 AM,10:20 AM,
EXAM,FUR 227,M,8:30 AM,11:00 AM,
LEC,FUR 109,MWF,12:30 PM,1:20 PM,
EXAM,FUR 109,M,12:00 PM,2:30 PM,
LEC,RLY 107,MWF,9:30 AM,10:20 AM,
EXAM,RLY 107,M,8:30 AM,11:00 AM,
LEC,PYR 231,MWF,10:30 AM,11:20 AM,
EXAM,PYR 231,W,8:30 AM,11:00 AM,
LEC,FUR 229,MWF,11:30 AM,12:20 PM,
EXAM,FUR 229,R,12:00 PM,2:30 PM,
,,,,,
LEC,FUR 230,MWF,12:30 PM,1:20 PM,
EXAM,FUR 230,M,12:00 PM,2:30 PM,
,,,,,
LEC,FUR 229,MWF,12:30 PM,1:20 PM,
EXAM,FUR 229,M,12:00 PM,2:30 PM,
LEC,FUR 227,MWF,12:30 PM,1:20 PM,
EXAM,FUR 227,M,12:00 PM,2:30 PM,
LEC,FUR 201,MWF,9:30 AM,10:20 AM,
EXAM,FUR 201,M,8:30 AM,11:00 AM,
LEC,FUR 201,MWF,10:30 AM,11:20 AM,
EXAM,FUR 201,W,8:30 AM,11:00 AM,
LEC,FUR 119,MWF,11:30 AM,12:20 PM,
EXAM,FUR 119,R,12:00 PM,2:30 PM,
LEC,FUR 229,TR,11:30 AM,12:45 PM,
ADD,FUR 229,T,2:30 PM,4:20 PM,
EXAM,FUR 229,F,12:00 PM,2:30 PM,
LEC,FUR 227,MWF,1:30 PM,2:20 PM,
EXAM,FUR 227,W,12:00 PM,2:30 PM,
LEC,FUR 117,MWF,10:30 AM,11:20 AM,
EXAM,FUR 117,W,8:30 AM,11:00 AM,
LEC,FUR 227,TR,1:00 PM,2:15 PM,
EXAM,FUR 227,T,12:00 PM,2:30 PM,
LEC,RNK 151,TR,10:00 AM,11:15 AM,
LAB,RNK 151,T,2:30 PM,5:20 PM,
EXAM,RNK 151,T,8:30 AM,11:00 AM,
LEC,RNK 151,TR,11:30 AM,12:45 PM,
LAB,RNK 151,W,2:30 PM,5:20 PM,
EXAM,RNK 151,F,12:00 PM,2:30 PM,
LEC,SHI COM,TR,1:00 PM,2:15 PM,
LAB,SHI COM,R,2:30 PM,5:20 PM,
EXAM,SHI COM,T,12:00 PM,2:30 PM,
SEM,PYR 101,MF,11:30 AM,12:20 PM,
EXAM,PYR 101,R,12:00 PM,2:30 PM,
ACT,,,,,
LEC,TPH MTR,MWF,9:30 AM,10:20 AM,
EXAM,TPH MTR,M,8:30 AM,11:00 AM,
LEC,TPH MTR,MWF,10:30 AM,11:20 AM,
EXAM,TPH MTR,W,8:30 AM,11:00 AM,
LEC,TPH MTR,MWF,11:30 AM,12:20 PM,
EXAM,TPH MTR,R,12:00 PM,2:30 PM,
LEC,TPH MTR,TR,11:30 AM,12:45 PM,
EXAM,TPH MTR,F,12:00 PM,2:30 PM,
LEC,TPH STR,TR,1:00 PM,2:15 PM,
EXAM,TPH STR,T,12:00 PM,2:30 PM,
LEC,TPH CST,TR,11:30 AM,12:45 PM,
LAB,TPH CST,,,,
EXAM,TPH CST,F,12:00 PM,2:30 PM,