ID,type,location,meeting_days,start_time,end_time
1,LEC,HIP 202,MWF,10:30AM,11:20AM
2,EXAM,HIP 202,W,08:30AM,11:00AM
3,LEC,HIP 202,MWF,11:30AM,12:20PM
4,EXAM,HIP 202,R,12:00PM,02:30PM
5,LEC,HIP 202,TR,10:00AM,11:15AM
6,EXAM,HIP 202,T,08:30AM,11:00AM
7,LEC,HIP 104,MTWRF,08:30AM,12:20PM
8,EXAM,HIP 104,R,08:30AM,11:00AM
9,LEC,HIP 204,MTRF,01:30PM,02:20PM
10,EXAM,HIP 204,W,12:00PM,02:30PM
11,LEC,HIP 206,W,02:30PM,05:00PM
12,EXAM,HIP 206,T,03:30PM,06:00PM
13,LEC,FUR 118,MWF,09:30AM,10:20AM
14,EXAM,FUR 118,M,08:30AM,11:00AM
15,LEC,FUR 118,MWF,11:30AM,12:20PM
16,EXAM,FUR 118,R,12:00PM,02:30PM
17,LEC,FUR 207,TR,01:00PM,02:15PM
18,EXAM,FUR 207,T,12:00PM,02:30PM
19,LEC,FUR 118,MWF,12:30PM,01:20PM
20,EXAM,FUR 118,M,12:00PM,02:30PM
21,LEC,FUR 209,TR,01:00PM,02:15PM
22,EXAM,FUR 209,T,12:00PM,02:30PM
23,STU,RAB DSS,MW,11:30AM,01:20PM
24,EXAM,RAB DSS,R,12:00PM,02:30PM
25,STU,RAB DSS,TR,11:30AM,01:20PM
26,EXAM,RAB DSS,F,12:00PM,02:30PM
27,STU,RAB SCS,MW,01:30PM,03:20PM
28,EXAM,RAB SCS,W,12:00PM,02:30PM
29,STU,RAB PTS,MW,10:30AM,12:20PM
30,EXAM,RAB PTS,W,08:30AM,11:00AM
31,STU,RAB PTS,MW,08:30AM,10:20AM
32,EXAM,RAB PTS,R,08:30AM,11:00AM
33,STU,RAB PRS,TR,10:30AM,12:20PM
34,EXAM,RAB PRS,T,08:30AM,11:00AM
35,STU,RAB PTS,TR,01:00PM,02:50PM
36,EXAM,RAB PTS,T,12:00PM,03:00PM
37,LEC,RAB LLR,TR,08:30AM,09:45AM
38,EXAM,RAB LLR,F,08:30AM,11:00AM
39,LEC,RAB LLR,MWF,12:30PM,01:20PM
40,EXAM,RAB LLR,M,12:00PM,02:30PM
41,LEC,RAB LLR,TR,10:00AM,11:15AM
42,EXAM,RAB LLR,T,08:30AM,11:00AM
43,STU,RAB CRS,MW,09:30AM,11:20AM
44,EXAM,RAB CRS,M,08:30AM,11:00AM
45,STU,RAB CRS,TR,08:30AM,10:20AM
46,EXAM,RAB CRS,F,08:30AM,11:00AM
47,STU,RAB PHS,TR,08:30AM,10:20AM
48,EXAM,RAB PHS,F,08:30AM,11:00AM
49,STU,RAB PHS,TR,11:30AM,01:20PM
50,EXAM,RAB PHS,F,12:00PM,02:30PM
51,STU,RAB DSS,MW,08:30AM,10:20AM
52,EXAM,RAB DSS,R,08:30AM,11:00AM
53,LEC,RAB LLR,MWF,09:30AM,10:20AM
54,EXAM,RAB LLR,M,08:30AM,11:00AM
55,LEC,RAB LLR,MWF,10:30AM,11:20AM
56,EXAM,RAB LLR,W,08:30AM,11:00AM
57,STU,RAB SMR,MW,01:30PM,03:20PM
58,EXAM,RAB SMR,W,12:00PM,02:30PM
59,LEC,FUR 227,T,02:30PM,04:20PM
60,EXAM,FUR 227,R,03:30PM,06:00PM
61,LEC,FUR 209,MWF,11:30AM,12:20PM
62,EXAM,FUR 209,R,12:00PM,02:30PM
63,LEC,FUR 209,MWF,01:30PM,02:20PM
64,EXAM,FUR 209,W,12:00PM,02:30PM
65,SEM,FUR 208,T,02:30PM,05:00PM
66,EXAM,FUR 208,R,03:30PM,06:00PM
67,SEM,PYR 143,TR,11:30AM,12:45PM
68,EXAM,PYR 143,F,12:00PM,02:30PM
69,LEC,PYR 028,MWF,09:30AM,10:20AM
70,LAB,PYR 141,M,02:30PM,05:20PM
71,EXAM,PYR 028,M,08:30AM,11:00AM
72,LEC,PYR 126,MWF,11:30AM,12:20PM
73,LAB,PYR 141,T,02:30PM,05:20PM
74,EXAM,PYR 126,R,12:00PM,02:30PM
75,LEC,PYR 028,MWF,01:30PM,02:20PM
76,LAB,PYR 141,W,02:30PM,05:20PM
77,EXAM,PYR 028,W,12:00PM,02:30PM
78,LEC,PYR 028,TR,10:00AM,11:15AM
79,LAB,PYR 141,R,02:30PM,05:00PM
80,EXAM,PYR 028,T,08:30AM,11:00AM
81,LEC,FUR 214,MWF,09:30AM,10:20AM
82,LAB,PYR 142,M,02:30PM,05:20PM
83,EXAM,FUR 214,M,08:30AM,11:00AM
84,LEC,FUR 214,MWF,11:30AM,12:20PM
85,LAB,PYR 142,R,02:30PM,05:20PM
86,EXAM,FUR 214,R,12:00PM,02:30PM
87,LEC,PYR 126,MWF,10:30AM,11:20AM
88,LAB,PYR 142,T,02:30PM,05:20PM
89,EXAM,PYR 126,W,08:30AM,11:00AM
90,LEC,PYR 028,TR,01:00PM,02:15PM
91,LAB,PYR 142,W,02:30PM,05:20PM
92,EXAM,PYR 028,T,12:00PM,02:30PM
93,LEC,PYR 026,MWF,08:30AM,09:20AM
94,LAB,TNS 172,R,02:30PM,05:20PM
95,EXAM,PYR 026,R,08:30AM,11:00AM
96,LEC,PYR 026,MWF,10:30AM,11:20AM
97,LAB,TNS 172,T,02:30PM,05:20PM
98,EXAM,PYR 026,W,08:30AM,11:00AM
99,LEC,PYR 143,MWF,11:30AM,12:20PM
100,LAB,TNS 172,W,02:30PM,05:20PM
101,EXAM,PYR 143,R,12:00PM,02:30PM
102,LEC,RLY 108,MWF,08:30AM,10:20AM
103,EXAM,RLY 108,R,08:30AM,11:00AM
104,LEC,FUR 117,TR,08:30AM,09:45AM
105,LAB,FUR 117,W,02:30PM,05:20PM
106,EXAM,FUR 117,F,08:30AM,11:00AM
107,,,,,
108,,,,,
109,LEC,PYR 143,MWF,08:30AM,10:20AM
110,EXAM,PYR 143,R,08:30AM,11:00AM
111,LEC,PYR 143,TR,08:30AM,09:45AM
112,LAB,TNS 162,W,02:30PM,05:20PM
113,EXAM,PYR 143,F,08:30AM,11:00AM
114,LEC,PYR 026,MWF,11:30AM,12:20PM
115,LAB,TNS 161,M,02:30PM,05:20PM
116,EXAM,PYR 026,R,12:00PM,02:30PM
117,LEC,PYR 026,MWF,01:30PM,02:20PM
118,LAB,TNS 161,W,02:30PM,05:20PM
119,EXAM,PYR 026,W,12:00PM,02:30PM
120,LEC,PYR 143,MWF,10:30AM,11:20AM
121,LAB,PYR 027,R,02:30PM,05:20PM
122,EXAM,PYR 143,W,08:30AM,11:00AM
123,LEC,PYR 143,MWF,01:30PM,02:20PM
124,LAB,PYR 027,W,02:30PM,05:20PM
125,EXAM,PYR 143,W,12:00PM,02:30PM
126,LEC,PYR 129,TR,01:00PM,02:15PM
127,LAB,PYR 129,T,02:30PM,05:20PM
128,EXAM,PYR 129,T,12:00PM,02:30PM
129,LEC,PYR 123,TR,01:00PM,02:15PM
130,LAB,PYR 123,R,02:30PM,05:20PM
131,EXAM,PYR 123,T,12:00PM,02:30PM
132,LEC,PYR 026,TR,10:00AM,11:15AM
133,LAB,PYR 025,T,02:30PM,05:20PM
134,EXAM,PYR 026,T,08:30AM,11:00AM
135,LEC,PYR 143,TR,10:00AM,11:15AM
136,LAB,PYR 024,W,02:30PM,05:20PM
137,EXAM,PYR 143,T,08:30AM,11:00AM
138,LEC,FUR 117,TR,10:00AM,11:15AM
139,LAB,FUR 117,T,02:30PM,05:20PM
140,EXAM,FUR 117,T,08:30AM,11:00AM
141,LEC,PYR 028,TR,08:30AM,09:45AM
142,LAB,PYR 027,M,02:30PM,05:20PM
143,EXAM,PYR 028,F,08:30AM,11:00AM
144,LEC,HIP 202,MWF,01:30PM,02:20PM
145,EXAM,HIP 202,W,12:00PM,02:30PM
146,LEC,HIP 204,MR,02:30PM,03:45PM
147,EXAM,HIP 204,M,03:30PM,06:00PM
148,LEC,HIP 202,MWF,08:30AM,09:20AM
149,EXAM,HIP 202,R,08:30AM,11:00AM
150,LEC,HIP 204,TR,10:00AM,11:15AM
151,EXAM,HIP 204,T,08:30AM,11:00AM
152,LEC,HIP 209,TR,10:00AM,11:15AM
153,EXAM,HIP 209,T,08:30AM,11:00AM
154,LEC,HIP 104,MTWRF,08:30AM,12:20PM
155,EXAM,HIP 104,R,08:30AM,11:00AM
156,LEC,HIP 104,MTWRF,08:30AM,12:20PM
157,EXAM,HIP 104,R,08:30AM,11:00AM
158,LEC,HIP 206,TR,10:00AM,11:15AM
159,EXAM,HIP 206,T,08:30AM,11:00AM
160,LEC,HIP 209,MR,02:30PM,03:45PM
161,EXAM,HIP 209,M,03:30PM,06:00PM
162,LEC,HIP 104,MTWRF,08:30AM,12:20PM
163,EXAM,HIP 104,R,08:30AM,11:00AM
164,LEC,HIP 209,TR,08:30AM,09:45AM
165,EXAM,HIP 209,F,08:30AM,11:00AM
166,LEC,HIP 209,TR,11:30AM,12:45PM
167,EXAM,HIP 209,F,12:00PM,02:30PM
168,LEC,HIP 204,MWF,11:30AM,12:20PM
169,EXAM,HIP 204,R,12:00PM,02:30PM
170,LEC,HIP 104,TR,01:00PM,02:15PM
171,EXAM,HIP 104,T,12:00PM,02:30PM
172,LEC,HIP 202,W,02:30PM,05:00PM
173,EXAM,HIP 202,T,03:30PM,06:00PM
174,SEM,HIP 104,MWF,01:30PM,02:20PM
175,EXAM,HIP 104,W,12:00PM,02:30PM
176,SEM,PYR 249,TR,10:00AM,11:15AM
177,EXAM,PYR 249,T,08:30AM,11:00AM
178,LEC,PYR 030,MWF,09:30AM,10:20AM
179,EXAM,PYR 030,M,08:30AM,11:00AM
180,LEC,PYR 030,MWF,10:30AM,11:20AM
181,EXAM,PYR 030,W,08:30AM,11:00AM
182,LEC,PYR 231,MWF,11:30AM,12:20PM
183,EXAM,PYR 231,R,12:00PM,02:30PM
184,LEC,PYR 231,MWF,01:30PM,02:20PM
185,EXAM,PYR 231,W,12:00PM,02:30PM
186,LEC,PYR 028,MWF,08:30AM,09:20AM
187,ADD,PYR 231,T,02:30PM,04:30PM
188,LAB, ,,,
189,EXAM,PYR 028,R,08:30AM,11:00AM
190,LEC,PYR 249,MWF,08:30AM,09:20AM
191,ADD,PYR 126,M,02:30PM,04:30PM
192,LAB, ,,,
193,EXAM,PYR 249,R,08:30AM,11:00AM
194,LEC,PYR 249,MWF,09:30AM,10:20AM
195,ADD,PYR 126,M,02:30PM,04:30PM
196,LAB, ,,,
197,EXAM,PYR 249,M,08:30AM,11:00AM
198,LEC,PYR 031,MWF,11:30AM,12:20PM
199,ADD,PYR 031,T,03:00PM,05:00PM
200,LAB, ,,,
201,EXAM,PYR 026,R,12:00PM,02:30PM
202,LEC,RLY 106,MWF,10:30AM,11:20AM
203,ADD,RLY 106,M,02:30PM,04:30PM
204,EXAM,RLY 106,W,08:30AM,11:00AM
205,,,,,
206,,,,,
207,LEC,PYR 126,MWF,08:30AM,09:20AM
208,ADD,PYR 126,T,02:30PM,04:30PM
209,LAB, ,,,
210,EXAM,PYR 126,R,08:30AM,11:00AM
211,LEC,PYR 126,MWF,09:30AM,10:20AM
212,ADD,PYR 126,T,02:30PM,04:30PM
213,LAB, ,,,
214,EXAM,PYR 126,M,08:30AM,11:00AM
215,LEC,PYR 028,MWF,10:30AM,11:20AM
216,ADD,PYR 126,W,02:30PM,04:30PM
217,LAB, ,,,
218,EXAM,PYR 028,W,08:30AM,11:00AM
219,LEC,PYR 028,MWF,11:30AM,12:20PM
220,ADD,PYR 126,W,02:30PM,04:30PM
221,LAB, ,,,
222,EXAM,PYR 028,R,12:00PM,02:30PM
223,LEC,PYR 231,MF,08:30AM,09:20AM
224,ADD,PYR 231,TR,09:00AM,09:50AM
225,LAB, ,,,
226,EXAM,PYR 231,R,08:30AM,11:00AM
227,LEC,PYR 231,MF,09:30AM,10:20AM
228,ADD,PYR 231,TR,10:00AM,10:50AM
229,LAB, ,,,
230,EXAM,PYR 231,M,08:30AM,11:00AM
231,LEC,PYR 031,MWF,10:30AM,11:20AM
232,EXAM,PYR 031,W,08:30AM,11:00AM
233,LEC,PYR 031,MWF,09:30AM,10:20AM
234,EXAM,PYR 031,M,08:30AM,11:00AM
235,LEC,RLY 106,MWF,01:30PM,02:20PM
236,ADD,RLY 106,W,02:30PM,04:30PM
237,LAB, ,,,
238,EXAM,RLY 106,W,12:00PM,02:30PM
239,LEC,PYR 249,TR,01:00PM,02:15PM
240,LEC,PYR 249,TR,01:00PM,02:15PM
241,EXAM,PYR 249,T,12:00PM,02:30PM
242,LEC,TNS 070,TR,08:30AM,09:45AM
243,EXAM,TNS 070,F,08:30AM,11:00AM
244,LEC,PYR 249,MWF,11:30AM,12:20PM
245,LAB,PYR 249,M,02:30PM,05:00PM
246,EXAM,PYR 249,R,12:00PM,02:30PM
247,LEC,PYR 249,MWF,11:30AM,12:20PM
248,LAB,PYR 249,T,02:30PM,05:00PM
249,EXAM,PYR 249,R,12:00PM,02:30PM
250,LEC,FUR 109,MTWRF,10:30AM,11:20AM
251,EXAM,FUR 109,W,08:30AM,11:00AM
252,LEC,FUR 109,MTWRF,11:30AM,12:20PM
253,EXAM,FUR 109,R,12:00PM,02:30PM
254,LEC,FUR 109,MTRF,08:30AM,09:20AM
255,EXAM,FUR 109,R,08:30AM,11:00AM
256,LEC,FUR 118,TR,01:00PM,02:15PM
257,EXAM,FUR 118,T,12:00PM,02:30PM
258,LEC,FUR 119,MWF,01:30PM,02:20PM
259,EXAM,FUR 119,W,12:00PM,02:30PM
260,LEC,FUR 119,MWF,02:30PM,03:20PM
261,EXAM,FUR 119,M,03:30PM,06:00PM
262,SEM, ,,,
263,LEC,FUR 128,TR,01:00PM,02:15PM
264,EXAM,FUR 128,T,12:00PM,02:30PM
265,LEC,FUR 128,MWF,12:30PM,01:20PM
266,EXAM,FUR 128,M,12:00PM,02:30PM
267,LEC,FUR 136,MWF,09:30AM,10:20AM
268,EXAM,FUR 136,M,08:30AM,11:00AM
269,LEC,FUR 111,TR,08:30AM,09:45AM
270,EXAM,FUR 111,F,08:30AM,11:00AM
271,LEC,FUR 136,MWF,11:30AM,12:20PM
272,EXAM,FUR 136,R,12:00PM,02:30PM
273,LEC,FUR 127,TR,01:00PM,02:15PM
274,EXAM,FUR 127,T,12:00PM,02:30PM
275,LEC,FUR 127,MWF,11:30AM,12:20PM
276,EXAM,FUR 127,R,12:00PM,02:30PM
277,LEC,FUR 126,MWF,12:30PM,01:20PM
278,EXAM,FUR 126,M,12:00PM,02:30PM
279,SKL,FUR 136,TR,08:30AM,10:20AM
280,EXAM,FUR 136,F,08:30AM,11:00AM
281,SKL,FUR 136,TR,11:30AM,01:20PM
282,EXAM,FUR 136,F,12:00PM,02:30PM
283,SKL,FUR 136,TR,02:30PM,04:20PM
284,EXAM,FUR 136,R,03:30PM,06:00PM
285,LEC,JHN 208,TR,11:30AM,12:45PM
286,EXAM,JHN 208,F,12:00PM,02:30PM
287,LEC,FUR 128,MWF,09:30AM,10:20AM
288,EXAM,FUR 128,M,08:30AM,11:00AM
289,LEC,FUR 128,MWF,10:30AM,11:20AM
290,EXAM,FUR 128,W,08:30AM,11:00AM
291,LEC,FUR 127,T,06:00PM,08:30PM
292,EXAM,FUR 127,T,06:00PM,08:30PM
293,LEC,FUR 108,MWF,01:30PM,02:20PM
294,ADD,TSC 202,W,02:30PM,04:30PM
295,EXAM,FUR 108,W,12:00PM,02:30PM
296,LEC,FUR 127,MWF,01:30PM,02:20PM
297,EXAM,FUR 127,W,12:00PM,02:30PM
298,LEC,FUR 118,TR,11:30AM,12:45PM
299,EXAM,FUR 118,F,12:00PM,02:30PM
300,LEC,FUR 109,TR,01:00PM,02:15PM
301,EXAM,FUR 109,T,12:00PM,02:30PM
302,LEC,FUR 126,MWF,10:30AM,11:20AM
303,EXAM,FUR 126,W,08:30AM,11:00AM
304,LEC,FUR 128,TR,08:30AM,09:45AM
305,EXAM,FUR 128,F,08:30AM,11:00AM
306,ACT, ,,,
307,LEC,RLY 106,TR,08:30AM,09:45AM
308,LAB,RLY 201,R,02:30PM,04:30PM
309,EXAM,RLY 106,F,08:30AM,11:00AM
310,LEC,RLY 204,MWF,10:30AM,11:20AM
311,LAB,RLY 108,W,02:30PM,04:30PM
312,EXAM,RLY 204,W,08:30AM,11:00AM
313,LEC,RLY 106,MWF,09:30AM,10:20AM
314,LAB,RLY 201,T,02:30PM,04:30PM
315,EXAM,RLY 106,M,08:30AM,11:00AM
316,LEC,RLY 204,MWF,12:30PM,01:20PM
317,LAB,RLY 201,M,02:30PM,04:30PM
318,EXAM,RLY 204,M,12:00PM,02:30PM
319,LEC,RLY 106,TR,10:00AM,11:05AM
320,LAB,RLY 201,W,02:30PM,04:30PM
321,EXAM,RLY 106,T,08:30AM,11:00AM
322,LEC,RLY 204,MWF,09:30AM,10:20AM
323,LAB,RLY 203,T,02:30PM,04:30PM
324,EXAM,RLY 204,M,08:30AM,11:00AM
325,LEC,PYR 031,MWF,01:30PM,02:20PM
326,ADD,PYR 031,R,02:30PM,04:20PM
327,EXAM,PYR 031,W,12:00PM,02:30PM
328,LEC,RLY 204,MWF,11:30AM,12:20PM
329,LAB,RLY 203,W,02:30PM,04:20PM
330,EXAM,RLY 204,R,12:00PM,02:30PM
331,LEC,RLY 106,TR,01:00PM,02:15PM
332,LAB,RLY 203,M,02:30PM,04:30PM
333,EXAM,RLY 106,T,12:00PM,02:30PM
334,LEC,PYR 126,TR,01:00PM,02:15PM
335,EXAM,PYR 126,T,12:00PM,02:30PM
336,LEC,RLY 204,TR,10:00AM,11:15AM
337,EXAM,RLY 204,T,08:30AM,11:00AM
338,LEC,HIP 107,MWF,10:30AM,11:20AM
339,EXAM,HIP 107,W,08:30AM,11:00AM
340,LEC,HIP 107,MWF,09:30AM,10:20AM
341,EXAM,HIP 107,M,08:30AM,11:00AM
342,LEC,HIP 209,MWF,12:30PM,01:20PM
343,EXAM,HIP 209,M,12:00PM,02:30PM
344,LEC,HIP 209,MWF,10:30AM,11:20AM
345,EXAM,HIP 209,W,08:30AM,11:00AM
346,LEC,HIP 107,MWF,01:30PM,02:20PM
347,EXAM,HIP 107,W,12:00PM,02:30PM
348,LEC,HIP 204,MWF,08:30AM,09:20AM
349,EXAM,HIP 204,R,08:30AM,11:00AM
350,LEC,HIP 209,MWF,11:30AM,12:20PM
351,EXAM,HIP 209,R,12:00PM,02:30PM
352,LEC,RLY 109E,TR,02:30PM,03:45PM
353,EXAM,RLY 109E,R,03:30PM,06:00PM
354,LEC,HIP 209,MWF,08:30AM,09:20AM
355,EXAM,HIP 209,R,08:30AM,11:00AM
356,LEC,HIP 209,MWF,09:30AM,10:20AM
357,EXAM,HIP 209,M,08:30AM,11:00AM
358,LEC,HIP 107,TR,08:30AM,09:45AM
359,EXAM,HIP 107,F,08:30AM,11:00AM
360,LEC,HIP 107,MWF,11:30AM,12:20PM
361,EXAM,HIP 107,R,12:00PM,02:30PM
362,LEC,RLY 103,TR,01:00PM,02:15PM
363,EXAM,RLY 103,T,12:00PM,02:30PM
364,LEC,RLY 204,MWF,01:30PM,02:20PM
365,EXAM,RLY 204,W,12:00PM,02:30PM
366,LEC,RLY 103,MR,02:30PM,03:45PM
367,EXAM,RLY 103,M,03:30PM,06:00PM
368,LEC,RLY 108,TR,10:00AM,11:15AM
369,EXAM,RLY 108,T,08:30AM,11:00AM
370,LEC,RLY 108,TR,11:30AM,12:45PM
371,EXAM,RLY 108,F,12:00PM,02:30PM
372,LEC,HIP 202,MWF,09:30AM,10:20AM
373,EXAM,HIP 202,M,08:30AM,11:00AM
374,LEC,RLY 109E,TR,11:30AM,12:45PM
375,EXAM,RLY 109E,F,12:00PM,02:30PM
376,SEM,RLY 105,TR,10:00AM,11:15AM
377,EXAM,RLY 105,T,08:30AM,11:00AM
378,SEM,HIP 106,M,01:30PM,02:20PM
379,SEM,HIP 106,M,02:30PM,03:20PM
380,LEC,HIP 106,MWF,09:30AM,10:20AM
381,EXAM,HIP 106,M,08:30AM,11:00AM
382,LEC,HIP 102,TR,08:30AM,09:45AM
383,EXAM,HIP 102,F,08:30AM,11:00AM
384,LEC,HIP 102,MWF,10:30AM,11:20AM
385,EXAM,HIP 102,W,08:30AM,11:00AM
386,LEC,HIP 106,MWF,10:30AM,11:20AM
387,EXAM,HIP 106,W,08:30AM,11:00AM
388,LEC,HIP 102,MWF,11:30AM,12:20PM
389,EXAM,HIP 102,R,12:00PM,02:30PM
390,LEC,HIP 102,MR,02:30PM,03:45PM
391,EXAM,HIP 102,M,03:30PM,06:00PM
392,LEC,HIP 102,MWF,01:30PM,02:20PM
393,EXAM,HIP 102,W,12:00PM,02:30PM
394,LEC,HIP 106,T,05:45PM,08:30PM
395,EXAM,HIP 106,T,05:45PM,08:30PM
396,LEC,HIP 205,MWF,10:30AM,11:20AM
397,EXAM,HIP 205,W,08:30AM,11:00AM
398,LEC,HIP 205,MW,05:45PM,07:15PM
399,EXAM,HIP 205,M,05:45PM,07:15PM
400,SKL,HIP 205,MW,01:30PM,02:45PM
401,EXAM,HIP 205,W,12:00PM,02:30PM
402,LEC,HIP 102,TR,10:00AM,11:15AM
403,EXAM,HIP 102,T,08:30AM,11:00AM
404,LEC,HIP 102,TR,11:30AM,12:45PM
405,EXAM,HIP 102,F,12:00PM,02:30PM
406,LEC,HIP 205,TR,02:30PM,03:45PM
407,EXAM,HIP 205,R,03:30PM,06:00PM
408,LEC,HIP 205,TR,01:00PM,02:15PM
409,EXAM,HIP 205,T,12:00PM,02:30PM
410,LEC,HIP 106,M,05:45PM,08:30PM
411,EXAM,HIP 106,M,05:45PM,08:30PM
412,LEC,RNK 151,MWF,08:30AM,09:20AM
413,LAB,RNK 151,M,02:30PM,05:20PM
414,EXAM,RNK 151,R,08:30AM,11:00AM
415,LEC,RNK 152,TR,10:00AM,11:15AM
416,LAB,RNK 152,R,02:30PM,05:20PM
417,EXAM,RNK 152,T,08:30AM,11:00AM
418,LEC,RNK 152,MWF,10:30AM,11:20AM
419,LAB,RNK 152,W,02:30PM,05:20PM
420,EXAM,RNK 152,W,08:30AM,11:00AM
421,LEC,SHI COM,MWF,09:30AM,10:20AM
422,LAB,PYR 103,R,02:30PM,05:20PM
423,EXAM,SHI COM,M,08:30AM,11:00AM
424,LEC,PYR 118,TR,01:00PM,02:15PM
425,LAB,PYR 118,R,02:30PM,05:20PM
426,EXAM,PYR 118,T,12:00PM,02:30PM
427,LEC,PYR 108,TR,10:00AM,11:15AM
428,LAB,PYR 108,R,02:30PM,05:20PM
429,EXAM,PYR 108,T,08:30AM,11:00AM
430,LEC,PYR 108,MWF,09:30AM,10:20AM
431,LAB,PYR 108,W,02:30PM,05:20PM
432,EXAM,PYR 108,M,08:30AM,11:00AM
433,LEC,PYR 103,TR,11:30AM,12:45PM
434,LAB,PYR 118,T,02:30PM,05:20PM
435,EXAM,PYR 103,F,12:00PM,02:30PM
436,SEM,PYR 101,MF,11:30AM,12:20PM
437,EXAM,PYR 101,R,12:00PM,02:30PM
438,LEC,FUR 107,TR,08:30AM,09:45AM
439,EXAM,FUR 107,F,08:30AM,11:00AM
440,LEC,FUR 106,TR,01:00PM,02:15PM
441,EXAM,FUR 106,T,12:00PM,02:30PM
442,LEC,FUR 111,MWF,10:30AM,11:20AM
443,EXAM,FUR 111,W,08:30AM,11:00AM
444,LEC,FUR 109,W,02:30PM,05:00PM
445,EXAM,FUR 109,T,03:30PM,06:00PM
446,LEC,FUR 110,TR,11:30AM,12:45PM
447,EXAM,FUR 110,F,12:00PM,02:30PM
448,LEC,FUR 119,TR,10:00AM,11:15AM
449,EXAM,FUR 119,T,08:30AM,11:00AM
450,LEC,FUR 121,TR,08:30AM,09:45AM
451,EXAM,FUR 121,F,08:30AM,11:00AM
452,LEC,FUR 119,TR,11:30AM,12:45PM
453,EXAM,FUR 119,F,12:00PM,02:30PM
454,LEC,FUR 111,MWF,01:30PM,02:20PM
455,EXAM,FUR 111,W,12:00PM,02:30PM
456,LEC,FUR 110,MWF,11:30AM,12:20PM
457,EXAM,FUR 110,R,12:00PM,02:30PM
458,LEC,FUR 110,W,02:30PM,05:00PM
459,EXAM,FUR 110,T,03:30PM,06:00PM
460,LEC,FUR 110,MWF,12:30PM,01:20PM
461,EXAM,FUR 110,M,12:00PM,02:30PM
462,LEC,FUR 110,TR,10:00AM,11:15AM
463,EXAM,FUR 110,T,08:30AM,11:00AM
464,LEC,FUR 110,TR,01:00PM,02:15PM
465,EXAM,FUR 110,T,12:00PM,02:30PM
466,LEC,FUR 108,TR,11:30AM,12:45PM
467,EXAM,FUR 108,F,12:00PM,02:30PM
468,SEM,FUR 107,TR,11:30AM,12:45PM
469,EXAM,FUR 107,F,12:00PM,02:30PM
470,LEC,FUR 106,MTRF,10:30AM,11:20AM
471,EXAM,FUR 106,W,08:30AM,11:00AM
472,,,,,
473,LEC,FUR 106,MTRF,11:30AM,12:20PM
474,EXAM,FUR 106,R,12:00PM,02:30PM
475,,,,,
476,LEC,FUR 108,MTRF,08:30AM,09:20AM
477,EXAM,FUR 108,R,08:30AM,11:00AM
478,LEC,FUR 108,MTRF,10:30AM,11:20AM
479,EXAM,FUR 108,W,08:30AM,11:00AM
480,LEC,FUR 209,MWF,09:30AM,10:20AM
481,EXAM,FUR 209,M,08:30AM,11:00AM
482,LEC,FUR 209,MWF,10:30AM,11:20AM
483,EXAM,FUR 209,W,08:30AM,11:00AM
484,LEC,FUR 107,MWF,12:30PM,01:20PM
485,EXAM,FUR 107,M,12:00PM,02:30PM
486,LEC,FUR 208,TR,11:30AM,12:45PM
487,EXAM,FUR 208,F,12:00PM,02:30PM
488,LEC,FUR 201,MWF,11:30AM,12:20PM
489,EXAM,FUR 201,R,12:00PM,02:30PM
490,LEC,FUR 118,TR,08:30AM,09:45AM
491,ADD,FUR 214,T,02:30PM,05:00PM
492,EXAM,FUR 118,F,08:30AM,11:00AM
493,LEC,HIP 205,MWF,09:30AM,10:20AM
494,EXAM,HIP 205,M,08:30AM,11:00AM
495,LEC,FUR 127,MTRF,08:30AM,09:20AM
496,EXAM,FUR 127,R,08:30AM,11:00AM
497,LEC,FUR 111,MWF,11:30AM,12:20PM
498,EXAM,FUR 111,R,12:00PM,02:30PM
499,LEC,FUR 230,MTRF,11:30AM,12:20PM
500,EXAM,FUR 230,R,12:00PM,02:30PM
501,LEC,FUR 230,MTRF,01:30PM,02:20PM
502,EXAM,FUR 230,W,12:00PM,02:30PM
503,LEC,HIP 204,MWF,09:30AM,10:20AM
504,EXAM,HIP 204,M,08:30AM,11:00AM
505,LEC,HIP 204,MWF,10:30AM,11:20AM
506,EXAM,HIP 204,W,08:30AM,11:00AM
507,LEC,FUR 227,MR,02:30PM,04:20PM
508,ADD,FUR 214,T,02:30PM,05:00PM
509,EXAM,FUR 227,M,03:30PM,06:00PM
510,LEC,PAC 113,MTWR,07:30AM,08:20AM
511,EXAM,PAC 113,F,03:30PM,06:00PM
512,LEC,PAC 113,MTWR,08:30AM,09:20AM
513,EXAM,PAC 113,R,08:30AM,11:00AM
514,LEC,PAC 113,MTWR,08:30AM,09:20AM
515,EXAM,PAC 113,F,08:30AM,11:00AM
516,LEC,PAC 116,MTRF,10:30AM,11:20AM
517,EXAM,PAC 116,W,08:30AM,11:00AM
518,LEC,PAC 116,MTRF,10:30AM,11:20AM
519,EXAM,PAC 116,T,08:30AM,11:00AM
520,LEC,PAC 113,WF,10:30AM,12:20PM
521,EXAM,PAC 113,W,08:30AM,11:00AM
522,LEC,PAC 113,MTRF,11:30AM,12:20PM
523,EXAM,PAC 113,R,12:00PM,02:30PM
524,LEC,PAC 113,MTRF,11:30AM,12:20PM
525,EXAM,PAC 113,F,12:00PM,02:30PM
526,LEC,PAC 114,MW,11:30AM,01:20PM
527,EXAM,PAC 114,R,12:00PM,02:30PM
528,LEC,PAC 113,MTRF,01:30PM,02:20PM
529,EXAM,PAC 113,W,12:00PM,02:30PM
530,LEC,PAC 113,MTRF,01:30PM,02:20PM
531,EXAM,PAC 113,T,12:00PM,02:30PM
532,LEC,PAC 113,MTRF,02:30PM,03:20PM
533,EXAM,PAC 113,M,03:30PM,06:00PM
534,LEC,PAC 113,MTRF,02:30PM,03:20PM
535,EXAM,PAC 113,R,03:30PM,06:00PM
536,LEC,PAC 113,MW,12:30PM,02:20PM
537,EXAM,PAC 113,M,12:00PM,02:30PM
538,LEC,PAC 114,MWF,12:30PM,01:20PM
539,EXAM,PAC 114,M,12:00PM,02:30PM
540,LEC,PAC 114,TR,08:30AM,09:45AM
541,LAB,PAC 114,M,02:30PM,05:20PM
542,EXAM,PAC 114,F,08:30AM,11:00AM
543,LEC,PAC 114,TR,10:00AM,11:15AM
544,LAB,PAC 114,W,02:30PM,05:20PM
545,EXAM,PAC 114,T,08:30AM,11:00AM
546,LEC,PAC 114,MWF,09:30AM,10:20AM
547,LAB,PAC 105,T,02:30PM,05:20PM
548,EXAM,PAC 114,M,08:30AM,11:00AM
549,LEC,PAC 114,MWF,10:30AM,11:20AM
550,LAB,PAC 105,R,02:30PM,05:20PM
551,EXAM,PAC 114,W,08:30AM,11:00AM
552,LEC,PAC 116,MWF,08:30AM,09:20AM
553,LAB,PAC 116,M,02:30PM,05:20PM
554,EXAM,PAC 116,R,08:30AM,11:00AM
555,LEC,PAC 116,MWF,11:30AM,12:20PM
556,LAB,PAC 116,W,02:30PM,05:20PM
557,EXAM,PAC 116,R,12:00PM,02:30PM
558,LEC,PAC 113,MWF,09:30AM,10:20AM
559,ADD,PAC SWP,W,09:30AM,10:20AM
560,LAB,PAC 114,F,07:30AM,08:20AM
561,EXAM,PAC 113,M,08:30AM,11:00AM
562,LEC,PAC 116,MWF,09:30AM,10:20AM
563,LAB,PAC 114,R,02:30PM,05:20PM
564,EXAM,PAC 116,M,08:30AM,11:00AM
565,LEC,PAC 116,TR,11:30AM,12:45PM
566,EXAM,PAC 116,F,12:00PM,02:30PM
567,,,,,
568,LEC,PAC 116,TR,01:00PM,02:15PM
569,EXAM,PAC 116,T,12:00PM,02:30PM
570,,,,,
571,LEC,PAC 116,TR,08:30AM,09:45AM
572,EXAM,PAC 116,F,08:30AM,11:00AM
573,LEC,PAC 113,W,02:30PM,05:15PM
574,EXAM,PAC 113,T,03:30PM,06:00PM
575,LEC,PAC 114,TR,01:00PM,02:15PM
576,EXAM,PAC 114,T,12:00PM,02:30PM
577,LEC,PAC 116,MWF,12:30PM,01:20PM
578,LAB,PAC HPL,T,02:30PM,05:20PM
579,EXAM,PAC 116,M,12:00PM,02:30PM
580,LEC,PAC 116,MWF,12:30PM,01:20PM
581,LAB,PAC HPL,W,02:30PM,05:20PM
582,EXAM,PAC 116,M,12:00PM,02:30PM
583,LEC,PAC 113,TR,10:00AM,11:15AM
584,EXAM,PAC 113,T,08:30AM,11:00AM
585,LEC,PAC 114,TR,11:30AM,12:45PM
586,EXAM,PAC 114,F,12:00PM,02:30PM
587,LEC,FUR 204,MWF,09:30AM,10:20AM
588,EXAM,FUR 204,M,08:30AM,11:00AM
589,LEC,FUR 204,MWF,11:30AM,12:20PM
590,EXAM,FUR 204,R,12:00PM,02:30PM
591,LEC,FUR 208,MWF,08:30AM,09:20AM
592,EXAM,FUR 208,R,08:30AM,11:00AM
593,LEC,FUR 204,MWF,01:30PM,02:20PM
594,EXAM,FUR 204,W,12:00PM,02:30PM
595,LEC,FUR 207,MWF,09:30AM,10:20AM
596,EXAM,FUR 207,M,08:30AM,11:00AM
597,LEC,FUR 208,TR,08:30AM,09:45AM
598,EXAM,FUR 208,F,08:30AM,11:00AM
599,LEC,FUR 204,MWF,08:30AM,09:20AM
600,EXAM,FUR 204,R,08:30AM,11:00AM
601,LEC,FUR 204,MWF,10:30AM,11:20AM
602,EXAM,FUR 204,W,08:30AM,11:00AM
603,LEC,FUR 207,MWF,12:30PM,01:20PM
604,EXAM,FUR 207,M,12:00PM,02:30PM
605,LEC,FUR 109,MWF,01:30PM,02:20PM
606,EXAM,FUR 109,W,12:00PM,02:30PM
607,LEC,FUR 207,TR,11:30AM,12:45PM
608,EXAM,FUR 207,F,12:00PM,02:30PM
609,LEC,FUR 204,MWF,12:30PM,01:20PM
610,EXAM,FUR 204,M,12:00PM,02:30PM
611,LEC,FUR 204,TR,01:00PM,02:15PM
612,EXAM,FUR 204,T,12:00PM,02:30PM
613,LEC,FUR 107,MWF,10:30AM,11:20AM
614,EXAM,FUR 107,W,08:30AM,11:00AM
615,LEC,FUR 207,MWF,08:30AM,09:20AM
616,EXAM,FUR 207,R,08:30AM,11:00AM
617,LEC,FUR 107,MWF,11:30AM,12:20PM
618,EXAM,FUR 107,R,12:00PM,02:30PM
619,LEC,FUR 208,MWF,09:30AM,10:20AM
620,EXAM,FUR 208,M,08:30AM,11:00AM
621,LEC,FUR 204,TR,11:30AM,12:45PM
622,EXAM,FUR 204,F,12:00PM,02:30PM
623,LEC,FUR 208,MWF,12:30PM,01:20PM
624,EXAM,FUR 208,M,12:00PM,02:30PM
625,LEC,FUR 121,TR,10:00AM,11:15AM
626,EXAM,FUR 121,T,08:30AM,11:00AM
627,LEC,FUR 208,MWF,11:30AM,12:20PM
628,EXAM,FUR 208,R,12:00PM,02:30PM
629,SEM,FUR 208,T,02:30PM,05:00PM
630,EXAM,FUR 208,R,03:30PM,06:00PM
631,SEM,FUR 204,T,02:30PM,05:00PM
632,EXAM,FUR 204,R,03:30PM,06:00PM
633,LEC,JHN 101,TR,10:00AM,11:15AM
634,EXAM,JHN 101,T,08:30AM,11:00AM
635,,,,,
636,LEC,FUR 117,W,12:30PM,02:20PM
637,EXAM,FUR 117,M,12:00PM,02:30PM
638,LEC,JHN 207,MWF,08:30AM,09:20AM
639,EXAM,JHN 207,R,08:30AM,11:00AM
640,LEC,FUR 106,MTWRF,08:30AM,09:20AM
641,EXAM,FUR 106,R,08:30AM,11:00AM
642,LEC,FUR 118,MTWRF,10:30AM,11:20AM
643,EXAM,FUR 118,W,08:30AM,11:00AM
644,LEC,HIP 106,MTWRF,08:30AM,09:20AM
645,EXAM,HIP 106,R,08:30AM,11:00AM
646,,,,,
647,LEC,RLY 109E,MWF,12:30PM,01:20PM
648,EXAM,RLY 109E,M,12:00PM,02:30PM
649,LEC,FUR 127,MTRF,10:30AM,11:20AM
650,EXAM,FUR 127,W,08:30AM,11:00AM
651,LEC,FUR 126,MWF,11:30AM,12:20PM
652,EXAM,FUR 126,R,12:00PM,02:30PM
653,LEC,FUR 127,MWF,09:30AM,10:20AM
654,EXAM,FUR 127,M,08:30AM,11:00AM
655,SKL,PAC 116,MW,01:30PM,02:20PM
656,LAB,PAC 116,M,02:30PM,05:00PM
657,ADD, ,MTWRF,06:00AM,07:00AM
658,EXAM,PAC 116,W,12:00PM,02:30PM
659,SKL,JHN 201,MW,01:30PM,02:20PM
660,LAB,JHN 201,M,02:30PM,05:00PM
661,ADD, ,MTWRF,06:00AM,07:00AM
662,EXAM,JHN 201,W,12:00PM,02:30PM
663,SKL,BCM CLR,MW,01:30PM,02:20PM
664,LAB,BCM CLR,M,02:30PM,05:00PM
665,ADD, ,MTWRF,06:00AM,07:00AM
666,EXAM,BCM CLR,W,12:00PM,02:30PM
667,SKL, ,,,
668,SKL,BCM CLR,,07:00AM,08:00AM
669,LAB,BCM CLR,M,02:30PM,05:00PM
670,ADD, ,MTWRF,06:00AM,07:00AM
671,EXAM,BCM CLR,F,03:30PM,06:00PM
672,LEC,RLY 204,MWF,08:30AM,09:20AM
673,EXAM,RLY 204,R,08:30AM,11:00AM
674,LEC,RLY 109E,MWF,09:30AM,10:20AM
675,EXAM,RLY 109E,M,08:30AM,11:00AM
676,LEC,RLY 103,MWF,11:30AM,12:20PM
677,EXAM,RLY 103,R,12:00PM,02:30PM
678,LEC,RLY 102,MWF,01:30PM,02:20PM
679,EXAM,RLY 102,W,12:00PM,02:30PM
680,LEC,RLY 109E,MWF,10:30AM,11:20AM
681,EXAM,RLY 109E,W,08:30AM,11:00AM
682,LEC,RLY 103,MWF,12:30PM,01:20PM
683,EXAM,RLY 103,M,12:00PM,02:30PM
684,LEC,RLY 103,MWF,01:30PM,02:20PM
685,EXAM,RLY 103,W,12:00PM,02:30PM
686,LEC,RLY 105,MWF,01:30PM,02:20PM
687,EXAM,RLY 105,W,12:00PM,02:30PM
688,LEC,RLY 109E,MWF,08:30AM,09:20AM
689,EXAM,RLY 109E,R,08:30AM,11:00AM
690,LEC,RLY 107,MWF,12:30PM,01:20PM
691,EXAM,RLY 107,M,12:00PM,02:30PM
692,LEC,RLY 105,MTRF,08:30AM,09:20AM
693,EXAM,RLY 105,R,08:30AM,11:00AM
694,LEC,RLY 103,MTRF,10:30AM,11:20AM
695,EXAM,RLY 103,W,08:30AM,11:00AM
696,LEC,RLY 105,MTRF,11:30AM,12:20PM
697,EXAM,RLY 105,R,12:00PM,02:30PM
698,LEC,RLY 107,MTWF,11:30AM,12:20PM
699,EXAM,RLY 107,R,12:00PM,02:30PM
700,LEC,RLY 107,MTRF,08:30AM,09:20AM
701,EXAM,RLY 107,R,08:30AM,11:00AM
702,LEC,RLY 107,MTRF,01:30PM,02:20PM
703,EXAM,RLY 107,W,12:00PM,02:30PM
704,LEC,RLY 105,MWF,09:30AM,10:20AM
705,EXAM,RLY 105,M,08:30AM,11:00AM
706,LEC,RLY 105,MWF,10:30AM,11:20AM
707,EXAM,RLY 105,W,08:30AM,11:00AM
708,LEC,RLY 102,MWF,08:30AM,09:20AM
709,EXAM,RLY 102,R,08:30AM,11:00AM
710,LEC,RLY 109E,MWF,01:30PM,02:20PM
711,EXAM,RLY 109E,W,12:00PM,02:30PM
712,LEC,RLY 102,MWF,10:30AM,11:20AM
713,EXAM,RLY 102,W,08:30AM,11:00AM
714,LEC,RLY 102,MWF,12:30PM,01:20PM
715,EXAM,RLY 102,W,12:00PM,02:30PM
716,LEC,RLY 103,MTWR,08:30AM,09:20AM
717,EXAM,RLY 103,R,08:30AM,11:00AM
718,LEC,RLY 103,MTWR,09:30AM,10:20AM
719,EXAM,RLY 103,M,08:30AM,11:00AM
720,LEC,HIP 102,MWF,09:30AM,10:20AM
721,EXAM,HIP 102,M,08:30AM,11:00AM
722,LEC,RLY 102,MWF,11:30AM,12:20PM
723,EXAM,RLY 102,R,12:00PM,02:30PM
724,LEC,RLY 105,MWF,12:30PM,01:20PM
725,EXAM,RLY 105,M,12:00PM,02:30PM
726,LEC,RLY 107,MWF,10:30AM,11:20AM
727,EXAM,RLY 107,W,08:30AM,11:00AM
728,ACT,DMB RCT,T,02:30PM,03:20PM
729,SEM,DMB RCT,F,01:30PM,02:20PM
730,ACT,DMB 013,TR,03:30PM,05:30PM
731,ACT,DMB 013,M,03:30PM,05:30PM
732,ADD,DMB 013,WF,03:45PM,05:45PM
733,,,,,
734,ACT,HMP 121,TR,03:30PM,05:30PM
735,ACT,HMP 121,TR,01:00PM,02:15PM
736,ADD,HMP 121,R,03:30PM,05:30PM
737,ACT,HMP 121,TR,01:00PM,02:15PM
738,ADD,HMP 121,T,03:30PM,05:30PM
739,ACT,HMP 121,MW,02:30PM,03:20PM
740,,,,,
741,,,,,
742,ACT,HMP 121,TR,03:30PM,05:30PM
743,ACT,DMB 013,MRF,02:30PM,03:20PM
744,ACT,DMB 013,TR,05:30PM,07:30PM
745,ACT,DMB 013,TR,05:30PM,07:30PM
746,ACT,DMB 013,TR,05:30PM,07:30PM
747,ACT,DMB 013,W,02:30PM,03:20PM
748,,,,,
749,,,,,
750,,,,,
751,ACT,DMB 013,MW,06:00PM,08:00PM
752,,,,,
753,ACT, ,,,
754,ACT, ,,,
755,LEC,FUR 214,TR,08:30AM,09:45AM
756,EXAM,FUR 214,F,08:30AM,11:00AM
757,LEC,FUR 214,MWF,10:30AM,11:20AM
758,EXAM,FUR 214,W,08:30AM,11:00AM
759,LEC,FUR 214,W,02:30PM,05:00PM
760,EXAM,FUR 214,T,03:30PM,06:00PM
761,LEC,FUR 214,MWF,12:30PM,01:20PM
762,EXAM,FUR 214,M,12:00PM,02:30PM
763,LEC,FUR 214,MWF,08:30AM,09:20AM
764,SKL,DMB 104,MF,09:30AM,10:20AM
765,EXAM,DMB 104,M,08:30AM,11:00AM
766,SKL,DMB 005,WF,09:30AM,10:20AM
767,EXAM,DMB 005,M,08:30AM,11:00AM
768,SKL,DMB 013,TR,01:00PM,01:50PM
769,EXAM,DMB 013,T,12:00PM,02:30PM
770,SKL,DMB 013,TR,11:30AM,12:20PM
771,EXAM,DMB 013,F,12:00PM,02:30PM
772,LEC,DMB 003,TR,08:30AM,09:20AM
773,EXAM,DMB 003,F,08:30AM,11:00AM
774,LEC,DMB 003,TR,10:30AM,11:20AM
775,EXAM,DMB 003,T,08:30AM,11:00AM
776,LEC,DMB 003,TR,11:30AM,12:20PM
777,EXAM,DMB 003,F,12:00PM,02:30PM
778,SKL,DMB 003,MF,08:30AM,09:20AM
779,EXAM,DMB 003,R,08:30AM,11:00AM
780,SKL,DMB 003,MF,10:30AM,11:20AM
781,EXAM,DMB 003,W,08:30AM,11:00AM
782,SKL,DMB 003,MF,11:30AM,12:20PM
783,EXAM,DMB 003,R,12:00PM,02:30PM
784,SKL,DMB 004,W,08:30AM,09:20AM
785,EXAM,DMB 004,R,08:30AM,11:00AM
786,SKL,DMB 005,W,08:30AM,09:20AM
787,EXAM,DMB 005,R,08:30AM,11:00AM
788,SKL,DMB 004,W,10:30AM,11:20AM
789,EXAM,DMB 004,W,08:30AM,11:00AM
790,SKL,DMB 005,W,10:30AM,11:20AM
791,EXAM,DMB 005,F,03:30PM,06:00PM
792,SKL,DMB 004,W,11:30AM,12:20PM
793,EXAM,DMB 004,R,12:00PM,02:30PM
794,SKL,DMB 005,W,11:30AM,12:20PM
795,EXAM,DMB 005,R,12:00PM,02:30PM
796,SEM,HMP 123E,F,02:30PM,04:00PM
797,EXAM,HMP 123E,F,03:30PM,06:00PM
798,,,,,
799,LEC,DMB 104,TR,08:30AM,09:20AM
800,EXAM,DMB 104,F,08:30AM,11:00AM
801,LEC,DMB 104,TR,10:30AM,11:20AM
802,EXAM,DMB 104,T,08:30AM,11:00AM
803,LEC,DMB 104,TR,11:30AM,12:20PM
804,EXAM,DMB 104,F,12:00PM,02:30PM
805,SKL,DMB 104,MW,08:30AM,09:20AM
806,EXAM,DMB 104,R,08:30AM,11:00AM
807,SKL,DMB 104,MW,10:30AM,11:20AM
808,EXAM,DMB 104,W,08:30AM,11:00AM
809,SKL,DMB 104,MW,11:30AM,12:20PM
810,EXAM,DMB 104,R,12:00PM,02:30PM
811,SKL,DMB 004,F,08:30AM,09:20AM
812,EXAM,DMB 004,R,08:30AM,11:00AM
813,SKL,DMB 005,F,08:30AM,09:20AM
814,EXAM,DMB 005,R,08:30AM,11:00AM
815,SKL,DMB 004,F,10:30AM,11:20AM
816,EXAM,DMB 004,W,08:30AM,11:00AM
817,SKL,DMB 005,F,10:30AM,11:20AM
818,EXAM,DMB 005,W,08:30AM,11:00AM
819,SKL,DMB 004,F,11:30AM,12:20PM
820,EXAM,DMB 004,R,12:00PM,02:30PM
821,SKL,DMB 005,F,11:30AM,12:20PM
822,EXAM,DMB 005,R,12:00PM,02:30PM
823,LEC,HMP 121,MF,09:30AM,10:20AM
824,EXAM,HMP 121,M,08:30AM,11:00AM
825,,,,,
826,LEC,HMP 121,MW,12:30PM,01:20PM
827,EXAM,HMP 121,M,12:00PM,02:30PM
828,,,,,
829,LEC,HMP 123E,F,02:30PM,04:00PM
830,EXAM,HMP 123E,F,03:30PM,06:00PM
831,LEC,HMP 121,MWF,08:30AM,09:20AM
832,EXAM,HMP 121,R,08:30AM,11:00AM
833,,,,,
834,LEC,HMP 121,MWF,08:30AM,09:20AM
835,EXAM,HMP 121,R,08:30AM,11:00AM
836,,,,,
837,LEC,HMP 121,R,11:30AM,12:45PM
838,EXAM,HMP 121,F,12:00PM,02:30PM
839,LEC,DMB 013,MW,11:30AM,12:20PM
840,EXAM,DMB 013,R,12:00PM,02:30PM
841,LEC,DMB 013,MW,12:30PM,01:20PM
842,EXAM,DMB 013,M,12:00PM,02:30PM
843,,,,,
844,LEC,DMB 013,MW,10:30AM,11:20AM
845,EXAM,DMB 013,W,08:30AM,11:00AM
846,SKL, ,,,
847,SKL, ,,,
848,SKL, ,,,
849,LEC,DMB 013,TR,10:00AM,10:50AM
850,EXAM,DMB 013,T,08:30AM,11:00AM
851,LEC,HMP 121,TR,10:00AM,10:50AM
852,EXAM,HMP 121,T,08:30AM,11:00AM
853,LEC,DMB RCT,M,04:00PM,06:00PM
854,ADD,DMB RCT,W,03:30PM,04:30PM
855,EXAM,DMB RCT,M,03:30PM,06:00PM
856,LEC,HMP 123E,TR,08:30AM,09:45AM
857,EXAM,HMP 123E,F,08:30AM,11:00AM
858,LEC, ,,,
859,LEC, ,,,
860,,,,,
861,,,,,
862,LEC, ,,,
863,LEC,HMP 121,MW,11:30AM,12:20PM
864,LEC,HMP 123E,TR,11:30AM,12:45PM
865,EXAM,HMP 123E,F,12:00PM,02:30PM
866,LEC,HMP 121,TR,08:30AM,09:45AM
867,EXAM,HMP 121,F,08:30AM,11:00AM
868,LEC,HMP 121,T,11:30AM,12:45PM
869,EXAM,DMB 004,F,12:00PM,02:30PM
870,STU,DMB 104,TR,01:00PM,01:50PM
871,EXAM,DMB 104,T,12:00PM,02:30PM
872,,,,,
873,IDI, ,,,
874,STU,DMB 104,MW,01:30PM,02:20PM
875,,,,,
876,,,,,
877,,,,,
878,,,,,
879,,,,,
880,,,,,
881,,,,,
882,STU, ,,,
883,STU, ,,,
884,STU, ,,,
885,STU, ,,,
886,STU, ,,,
887,STU, ,,,
888,STU, ,,,
889,STU, ,,,
890,STU, ,,,
891,STU, ,,,
892,STU, ,,,
893,STU, ,,,
894,STU, ,,,
895,STU, ,,,
896,STU, ,,,
897,STU, ,,,
898,STU, ,,,
899,STU, ,,,
900,STU, ,,,
901,STU, ,,,
902,STU, ,,,
903,STU, ,,,
904,STU, ,,,
905,STU, ,,,
906,STU, ,,,
907,STU, ,,,
908,STU, ,,,
909,STU, ,,,
910,STU, ,,,
911,STU, ,,,
912,STU, ,,,
913,STU, ,,,
914,STU, ,,,
915,STU, ,,,
916,STU, ,,,
917,STU, ,,,
918,STU, ,,,
919,STU,DMB 003,MW,01:30PM,02:20PM
920,,,,,
921,,,,,
922,,,,,
923,,,,,
924,STU, ,,,
925,STU, ,,,
926,STU, ,,,
927,STU, ,,,
928,STU, ,,,
929,STU, ,,,
930,STU, ,,,
931,STU, ,,,
932,STU, ,,,
933,STU, ,,,
934,STU, ,,,
935,STU, ,,,
936,STU, ,,,
937,STU, ,,,
938,STU, ,,,
939,STU, ,,,
940,STU, ,,,
941,STU, ,,,
942,STU, ,,,
943,STU, ,,,
944,STU, ,,,
945,STU, ,,,
946,STU, ,,,
947,STU, ,,,
948,STU, ,,,
949,STU, ,,,
950,STU, ,,,
951,STU, ,,,
952,STU, ,,,
953,STU, ,,,
954,STU, ,,,
955,STU, ,,,
956,STU, ,,,
957,STU, ,,,
958,STU, ,,,
959,STU, ,,,
960,STU, ,,,
961,STU, ,,,
962,STU, ,,,
963,STU, ,,,
964,STU, ,,,
965,STU, ,,,
966,STU, ,,,
967,STU, ,,,
968,STU, ,,,
969,STU,DMB 013,MW,01:30PM,02:20PM
970,,,,,
971,,,,,
972,,,,,
973,,,,,
974,STU, ,,,
975,STU, ,,,
976,STU, ,,,
977,STU, ,,,
978,STU, ,,,
979,STU, ,,,
980,STU, ,,,
981,STU, ,,,
982,STU, ,,,
983,STU, ,,,
984,STU, ,,,
985,STU, ,,,
986,STU, ,,,
987,STU, ,,,
988,STU, ,,,
989,STU, ,,,
990,STU, ,,,
991,STU, ,,,
992,STU, ,,,
993,STU, ,,,
994,STU, ,,,
995,STU, ,,,
996,STU, ,,,
997,STU, ,,,
998,STU, ,,,
999,STU, ,,,
1000,STU, ,,,
1001,STU, ,,,
1002,STU, ,,,
1003,STU, ,,,
1004,STU, ,,,
1005,STU, ,,,
1006,STU, ,,,
1007,STU, ,,,
1008,STU, ,,,
1009,STU, ,,,
1010,STU, ,,,
1011,STU, ,,,
1012,STU, ,,,
1013,STU, ,,,
1014,STU, ,,,
1015,STU, ,,,
1016,STU,HMP 121,MW,01:30PM,02:20PM
1017,,,,,
1018,,,,,
1019,,,,,
1020,,,,,
1021,,,,,
1022,STU, ,,,
1023,STU, ,,,
1024,STU, ,,,
1025,STU, ,,,
1026,STU, ,,,
1027,STU, ,,,
1028,STU, ,,,
1029,STU, ,,,
1030,STU, ,,,
1031,STU, ,,,
1032,STU, ,,,
1033,STU, ,,,
1034,STU, ,,,
1035,STU, ,,,
1036,STU, ,,,
1037,STU, ,,,
1038,STU, ,,,
1039,STU, ,,,
1040,STU, ,,,
1041,STU, ,,,
1042,STU, ,,,
1043,STU, ,,,
1044,STU, ,,,
1045,STU, ,,,
1046,STU, ,,,
1047,LEC, ,,,
1048,LEC, ,,,
1049,LEC, ,,,
1050,LEC, ,,,
1051,LEC, ,,,
1052,STU, ,,,
1053,STU, ,,,
1054,STU, ,,,
1055,STU, ,,,
1056,STU, ,,,
1057,STU, ,,,
1058,STU, ,,,
1059,STU, ,,,
1060,STU, ,,,
1061,STU, ,,,
1062,STU, ,,,
1063,STU, ,,,
1064,STU, ,,,
1065,STU, ,,,
1066,STU, ,,,
1067,STU, ,,,
1068,STU, ,,,
1069,STU, ,,,
1070,STU, ,,,
1071,STU, ,,,
1072,STU, ,,,
1073,STU, ,,,
1074,STU, ,,,
1075,STU, ,,,
1076,STU,DMB SER,MW,01:30PM,02:20PM
1077,STU, ,,,
1078,STU, ,,,
1079,STU, ,,,
1080,STU, ,,,
1081,STU, ,,,
1082,STU, ,,,
1083,STU, ,,,
1084,STU, ,,,
1085,STU, ,,,
1086,STU, ,,,
1087,STU, ,,,
1088,STU, ,,,
1089,STU,DMB 005,M,01:30PM,02:20PM
1090,ADD,HMP 123E,W,01:30PM,02:20PM
1091,,,,,
1092,,,,,
1093,,,,,
1094,STU, ,,,
1095,STU, ,,,
1096,STU, ,,,
1097,STU, ,,,
1098,STU, ,,,
1099,STU, ,,,
1100,STU, ,,,
1101,STU, ,,,
1102,STU, ,,,
1103,STU, ,,,
1104,STU, ,,,
1105,STU, ,,,
1106,STU, ,,,
1107,STU, ,,,
1108,STU, ,,,
1109,STU, ,,,
1110,STU, ,,,
1111,STU, ,,,
1112,STU, ,,,
1113,STU, ,,,
1114,STU, ,,,
1115,STU, ,,,
1116,STU, ,,,
1117,STU, ,,,
1118,STU, ,,,
1119,STU, ,,,
1120,STU,CHP SAN,TF,11:30AM,12:20PM
1121,STU, ,,,
1122,STU, ,,,
1123,STU, ,,,
1124,STU, ,,,
1125,STU, ,,,
1126,SEM,JHN 212,F,02:30PM,05:00PM
1127,EXAM,JHN 212,R,03:30PM,06:00PM
1128,,,,,
1129,LEC,FUR 126,MWF,01:30PM,02:20PM
1130,EXAM,FUR 126,W,12:00PM,02:30PM
1131,LEC,FUR 108,MWF,11:30AM,12:20PM
1132,EXAM,FUR 108,R,12:00PM,02:30PM
1133,LEC,FUR 108,MWF,12:30PM,01:20PM
1134,EXAM,FUR 108,M,12:00PM,02:30PM
1135,LEC,FUR 126,TR,08:30AM,09:45AM
1136,EXAM,FUR 126,F,08:30AM,11:00AM
1137,LEC,FUR 109,MWF,09:30AM,10:20AM
1138,EXAM,FUR 109,M,08:30AM,11:00AM
1139,LEC,HIP 106,TR,01:00PM,02:15PM
1140,EXAM,HIP 106,T,12:00PM,02:30PM
1141,LEC,FUR 118,TR,02:30PM,03:45PM
1142,EXAM,FUR 118,R,03:30PM,06:00PM
1143,LEC,FUR 128,MWF,01:30PM,02:20PM
1144,EXAM,FUR 128,W,12:00PM,02:30PM
1145,LEC,FUR 108,MWF,09:30AM,10:20AM
1146,EXAM,FUR 108,M,08:30AM,11:00AM
1147,LEC,FUR 214,MTRF,07:30AM,08:20AM
1148,EXAM,FUR 214,F,03:30PM,06:00PM
1149,LEC,FUR 126,TR,10:00AM,11:15AM
1150,EXAM,FUR 126,T,08:30AM,11:00AM
1151,LEC,FUR 128,W,02:30PM,05:00PM
1152,EXAM,FUR 128,T,03:30PM,06:00PM
1153,LEC,FUR 126,TF,02:30PM,03:45PM
1154,EXAM,FUR 126,R,03:30PM,06:00PM
1155,LEC,PYR 222,MWF,09:30AM,10:20AM
1156,LAB,RNK 252,M,01:30PM,03:20PM
1157,EXAM,PYR 222,M,08:30AM,11:00AM
1158,LEC,PYR 222,MWF,09:30AM,10:20AM
1159,LAB,RNK 252,M,03:30PM,05:20PM
1160,EXAM,PYR 222,M,08:30AM,11:00AM
1161,LEC,PYR 222,MWF,08:30AM,09:20AM
1162,LAB,RNK 252,T,01:00PM,02:50PM
1163,EXAM,PYR 222,R,08:30AM,11:00AM
1164,LEC,PYR 222,MWF,08:30AM,09:20AM
1165,LAB,RNK 252,T,03:00PM,04:50PM
1166,EXAM,PYR 222,R,08:30AM,11:00AM
1167,LEC,PYR 222,MWF,10:30AM,11:20AM
1168,LAB,RNK 252,W,01:30PM,03:20PM
1169,EXAM,PYR 222,W,08:30AM,11:00AM
1170,LEC,PYR 222,MWF,10:30AM,11:20AM
1171,LAB,RNK 252,W,03:30PM,05:20PM
1172,EXAM,PYR 222,W,08:30AM,11:00AM
1173,LEC,PYR 222,MWF,11:30AM,12:20PM
1174,LAB,RNK 251,T,02:30PM,04:20PM
1175,EXAM,PYR 222,R,12:00PM,02:30PM
1176,LEC,PYR 222,MWF,11:30AM,12:20PM
1177,LAB,RNK 251,R,03:00PM,04:50PM
1178,EXAM,PYR 222,R,12:00PM,02:30PM
1179,LEC,PYR 201,MWF,12:30PM,01:20PM
1180,LAB, ,,,
1181,EXAM,PYR 201,M,12:00PM,02:30PM
1182,LEC,PYR 026,MWF,09:30AM,10:20AM
1183,EXAM,PYR 026,M,08:30AM,11:00AM
1184,LEC,RNK 253,MWF,08:30AM,09:20AM
1185,EXAM,RNK 253,R,08:30AM,11:00AM
1186,LEC,PYR 201,TR,11:30AM,12:45PM
1187,EXAM,PYR 201,F,12:00PM,02:30PM
1188,LEC,JHN 109,MWF,09:30AM,10:20AM
1189,EXAM,JHN 109,M,08:30AM,11:00AM
1190,LEC,JHN 109,MWF,10:30AM,11:20AM
1191,EXAM,JHN 109,W,08:30AM,11:00AM
1192,LEC,JHN 109,MWF,11:30AM,12:20PM
1193,EXAM,JHN 109,R,12:00PM,02:30PM
1194,LEC,JHN 101,MWF,12:30PM,01:20PM
1195,EXAM,JHN 101,M,12:00PM,02:30PM
1196,LEC,JHN 107,MWF,01:30PM,02:20PM
1197,EXAM,JHN 107,W,12:00PM,02:30PM
1198,LEC,JHN 109,TR,08:30AM,09:45AM
1199,EXAM,JHN 109,F,08:30AM,11:00AM
1200,LEC,JHN 109,TR,10:00AM,11:15AM
1201,EXAM,JHN 109,T,08:30AM,11:00AM
1202,LEC,JHN 105,MWF,09:30AM,10:20AM
1203,EXAM,JHN 105,M,08:30AM,11:00AM
1204,LEC,JHN 101,MWF,10:30AM,11:20AM
1205,EXAM,JHN 101,W,08:30AM,11:00AM
1206,LEC,JHN 109,MWF,12:30PM,01:20PM
1207,EXAM,JHN 109,M,12:00PM,02:30PM
1208,LEC,JHN 109,MWF,01:30PM,02:20PM
1209,EXAM,JHN 109,W,12:00PM,02:30PM
1210,LEC,JHN 212,TR,11:30AM,12:45PM
1211,EXAM,JHN 212,F,12:00PM,02:30PM
1212,LEC,JHN 109,TR,01:00PM,02:15PM
1213,EXAM,JHN 109,T,12:00PM,02:30PM
1214,LEC,JHN 109,TR,02:30PM,03:45PM
1215,EXAM,JHN 109,R,03:30PM,06:00PM
1216,LEC,JHN 207,TR,08:30AM,09:45AM
1217,ADD,JHN 203,W,03:30PM,04:45PM
1218,EXAM,JHN 207,F,08:30AM,11:00AM
1219,LEC,JHN 109,TR,11:30AM,12:45PM
1220,ADD,JHN 203,R,03:30PM,04:45PM
1221,EXAM,JHN 109,F,12:00PM,02:30PM
1222,LEC,JHN 105,MWF,01:30PM,02:20PM
1223,EXAM,JHN 105,W,12:00PM,02:30PM
1224,LEC,JHN 105,TR,10:00AM,11:15AM
1225,EXAM,JHN 105,T,08:30AM,11:00AM
1226,LEC,JHN 101,TR,01:00PM,02:15PM
1227,EXAM,JHN 101,T,12:00PM,02:30PM
1228,LEC,JHN 105,MWF,10:30AM,11:20AM
1229,EXAM,JHN 105,W,08:30AM,11:00AM
1230,LEC,JHN 111I,TR,11:30AM,12:45PM
1231,EXAM,JHN 111I,F,12:00PM,02:30PM
1232,,,,,
1233,LEC,HIP 102,TR,01:00PM,02:15PM
1234,EXAM,HIP 102,T,12:00PM,02:30PM
1235,LEC,JHN 105,MR,02:30PM,03:45PM
1236,EXAM,JHN 105,M,03:30PM,06:00PM
1237,LEC,JHN 201,TR,10:00AM,11:15AM
1238,EXAM,JHN 201,T,08:30AM,11:00AM
1239,LEC,JHN 107,MWF,11:30AM,12:20PM
1240,EXAM,JHN 107,R,12:00PM,02:30PM
1241,LEC,JHN 101,MWF,09:30AM,10:20AM
1242,EXAM,JHN 101,M,08:30AM,11:00AM
1243,LEC,JHN 101,TR,11:30AM,12:45PM
1244,EXAM,JHN 101,F,12:00PM,02:30PM
1245,SEM,JHN 111I,M,02:30PM,05:00PM
1246,EXAM,JHN 111I,M,03:30PM,06:00PM
1247,IDI,JHN 111I,T,02:30PM,05:00PM
1248,EXAM,JHN 111I,R,03:30PM,06:00PM
1249,LEC,JHN 201,MWF,09:30AM,10:20AM
1250,EXAM,JHN 201,M,08:30AM,11:00AM
1251,LEC,JHN 208,MWF,10:30AM,11:20AM
1252,EXAM,JHN 208,W,08:30AM,11:00AM
1253,LEC,JHN 208,TR,10:00AM,11:15AM
1254,EXAM,JHN 208,T,08:30AM,11:00AM
1255,LEC,JHN 201,TR,01:00PM,02:15PM
1256,EXAM,JHN 201,T,12:00PM,02:30PM
1257,LEC,JHN 212,MWF,10:30AM,12:20PM
1258,LAB,JHN 212,W,02:30PM,04:20PM
1259,LEC,JHN 212,MWF,12:30PM,02:20PM
1260,LAB,JHN 212,T,02:30PM,04:20PM
1261,LEC,JHN 212,MWF,10:30AM,12:20PM
1262,LAB,JHN 212,W,02:30PM,04:20PM
1263,EXAM,JHN 212,W,08:30AM,11:00AM
1264,LEC,JHN 212,MWF,12:30PM,02:20PM
1265,LAB,JHN 212,T,02:30PM,04:20PM
1266,EXAM,JHN 212,M,12:00PM,02:30PM
1267,LEC,JHN 207,TR,10:00AM,11:15AM
1268,EXAM,JHN 207,T,08:30AM,11:00AM
1269,LEC,JHN 207,TR,02:30PM,03:45PM
1270,EXAM,JHN 207,R,03:30PM,06:00PM
1271,LEC,JHN 207,MWF,12:30PM,01:20PM
1272,EXAM,JHN 207,M,12:00PM,02:30PM
1273,LEC,JHN 208,TR,01:00PM,02:15PM
1274,EXAM,JHN 208,T,12:00PM,02:30PM
1275,LEC,JHN 207,TR,01:00PM,02:15PM
1276,LAB,JHN 216,W,02:30PM,05:00PM
1277,EXAM,JHN 207,T,12:00PM,02:30PM
1278,LEC,JHN 208,MWF,11:30AM,12:20PM
1279,LAB,JHN 203,T,02:30PM,04:20PM
1280,EXAM,JHN 208,R,12:00PM,02:30PM
1281,LEC,JHN 216,TR,10:00AM,11:15AM
1282,EXAM,JHN 216,T,08:30AM,11:00AM
1283,LEC,JHN 206H,MR,02:30PM,04:20PM
1284,EXAM,JHN 206H,M,03:30PM,06:00PM
1285,LEC,FUR 128,TR,10:00AM,11:15AM
1286,EXAM,FUR 128,T,08:30AM,11:00AM
1287,LEC,JHN 207,MWF,10:30AM,11:20AM
1288,EXAM,JHN 207,W,08:30AM,11:00AM
1289,LEC,JHN 207,MWF,11:30AM,12:20PM
1290,EXAM,JHN 207,R,12:00PM,02:30PM
1291,LEC,FUR 208,MWF,01:30PM,02:20PM
1292,EXAM,FUR 208,W,12:00PM,02:30PM
1293,LEC,FUR 107,MWF,01:30PM,02:20PM
1294,EXAM,FUR 107,W,12:00PM,02:30PM
1295,LEC,FUR 107,MWF,08:30AM,09:20AM
1296,EXAM,FUR 107,R,08:30AM,11:00AM
1297,LEC,FUR 107,MWF,09:30AM,10:20AM
1298,EXAM,FUR 107,M,08:30AM,11:00AM
1299,LEC,FUR 209,TR,11:30AM,12:45PM
1300,EXAM,FUR 209,F,12:00PM,02:30PM
1301,LEC,FUR 106,MWF,09:30AM,10:20AM
1302,EXAM,FUR 106,M,08:30AM,11:00AM
1303,LEC,HIP 106,MWF,11:30AM,12:20PM
1304,EXAM,HIP 106,R,12:00PM,02:30PM
1305,LEC,FUR 208,TR,10:00AM,11:15AM
1306,EXAM,FUR 208,T,08:30AM,11:00AM
1307,LEC,FUR 111,TR,10:00AM,11:15AM
1308,EXAM,FUR 111,T,08:30AM,11:00AM
1309,LEC,JHN 208,MWF,09:30AM,10:20AM
1310,EXAM,JHN 208,M,08:30AM,11:00AM
1311,LEC,FUR 208,MWF,10:30AM,11:20AM
1312,EXAM,FUR 208,W,08:30AM,11:00AM
1313,LEC,FUR 209,TR,10:00AM,11:15AM
1314,EXAM,FUR 209,T,08:30AM,11:00AM
1315,LEC,FUR 106,MWF,12:30PM,01:20PM
1316,EXAM,FUR 106,M,12:00PM,02:30PM
1317,LEC,FUR 121,W,02:30PM,05:00PM
1318,EXAM,FUR 121,T,03:30PM,06:00PM
1319,LEC,FUR 209,MWF,12:30PM,01:20PM
1320,EXAM,FUR 209,M,12:00PM,02:30PM
1321,SEM,FUR 117,TR,01:00PM,02:15PM
1322,EXAM,FUR 117,T,12:00PM,02:30PM
1323,SEM,FUR 119,T,02:30PM,05:00PM
1324,EXAM,FUR 119,R,03:30PM,06:00PM
1325,LEC,JHN 101,MWF,08:30AM,09:20AM
1326,EXAM,JHN 101,R,08:30AM,11:00AM
1327,LEC,JHN 107,MWF,09:30AM,10:20AM
1328,EXAM,JHN 107,M,08:30AM,11:00AM
1329,LEC,JHN 105,TR,01:00PM,02:15PM
1330,EXAM,JHN 105,T,12:00PM,02:30PM
1331,LEC,JHN 105,TR,11:30AM,12:45PM
1332,EXAM,JHN 105,F,12:00PM,02:30PM
1333,LEC,JHN 105,TR,08:30AM,09:45AM
1334,EXAM,JHN 105,F,08:30AM,11:00AM
1335,LEC,JHN 101,MWF,08:30AM,09:20AM
1336,EXAM,JHN 101,R,08:30AM,11:00AM
1337,LEC,JHN 105,MWF,11:30AM,12:20PM
1338,EXAM,JHN 105,R,12:00PM,02:30PM
1339,LEC,JHN 107,TR,11:30AM,12:45PM
1340,EXAM,JHN 107,F,12:00PM,02:30PM
1341,LEC,JHN 107,TR,10:00AM,11:15AM
1342,EXAM,JHN 107,T,08:30AM,11:00AM
1343,LEC,JHN 107,TR,08:30AM,09:45AM
1344,EXAM,JHN 107,F,08:30AM,11:00AM
1345,LEC,JHN 107,MWF,10:30AM,11:20AM
1346,EXAM,JHN 107,W,08:30AM,11:00AM
1347,SEM,JHN 106G,W,02:30PM,05:00PM
1348,EXAM,JHN 106G,T,03:30PM,06:00PM
1349,SEM,JHN 106G,MR,02:30PM,03:45PM
1350,EXAM,JHN 106G,M,03:30PM,06:00PM
1351,LEC,FUR 230,MTRF,08:30AM,09:20AM
1352,EXAM,FUR 230,R,08:30AM,11:00AM
1353,LEC,FUR 230,MTRF,10:30AM,11:20AM
1354,EXAM,FUR 230,W,08:30AM,11:00AM
1355,LEC,FUR 128,MTRF,11:30AM,12:20PM
1356,EXAM,FUR 128,R,12:00PM,02:30PM
1357,LEC,FUR 229,MTRF,01:30PM,02:20PM
1358,EXAM,FUR 229,W,12:00PM,02:30PM
1359,LEC,FUR 229,MTRF,08:30AM,09:20AM
1360,EXAM,FUR 229,R,08:30AM,11:00AM
1361,LEC,FUR 229,MTRF,09:30AM,10:20AM
1362,EXAM,FUR 229,M,08:30AM,11:00AM
1363,LEC,FUR 229,MTRF,10:30AM,11:20AM
1364,EXAM,FUR 229,W,08:30AM,11:00AM
1365,LEC,FUR 227,MTRF,10:30AM,11:20AM
1366,EXAM,FUR 227,W,08:30AM,11:00AM
1367,LEC,FUR 227,MTRF,11:30AM,12:20PM
1368,EXAM,FUR 227,R,12:00PM,02:30PM
1369,LEC,JHN 201,MTRF,11:30AM,12:20PM
1370,EXAM,JHN 201,R,12:00PM,02:30PM
1371,LEC,FUR 227,MWF,08:30AM,09:20AM
1372,EXAM,FUR 227,R,08:30AM,11:00AM
1373,LEC,FUR 227,MWF,09:30AM,10:20AM
1374,EXAM,FUR 227,M,08:30AM,11:00AM
1375,LEC,FUR 109,MWF,12:30PM,01:20PM
1376,EXAM,FUR 109,M,12:00PM,02:30PM
1377,LEC,RLY 107,MWF,09:30AM,10:20AM
1378,EXAM,RLY 107,M,08:30AM,11:00AM
1379,LEC,PYR 231,MWF,10:30AM,11:20AM
1380,EXAM,PYR 231,W,08:30AM,11:00AM
1381,LEC,FUR 229,MWF,11:30AM,12:20PM
1382,EXAM,FUR 229,R,12:00PM,02:30PM
1383,,,,,
1384,LEC,FUR 230,MWF,12:30PM,01:20PM
1385,EXAM,FUR 230,M,12:00PM,02:30PM
1386,,,,,
1387,LEC,FUR 229,MWF,12:30PM,01:20PM
1388,EXAM,FUR 229,M,12:00PM,02:30PM
1389,LEC,FUR 227,MWF,12:30PM,01:20PM
1390,EXAM,FUR 227,M,12:00PM,02:30PM
1391,LEC,FUR 201,MWF,09:30AM,10:20AM
1392,EXAM,FUR 201,M,08:30AM,11:00AM
1393,LEC,FUR 201,MWF,10:30AM,11:20AM
1394,EXAM,FUR 201,W,08:30AM,11:00AM
1395,LEC,FUR 119,MWF,11:30AM,12:20PM
1396,EXAM,FUR 119,R,12:00PM,02:30PM
1397,LEC,FUR 229,TR,11:30AM,12:45PM
1398,ADD,FUR 229,T,02:30PM,04:20PM
1399,EXAM,FUR 229,F,12:00PM,02:30PM
1400,LEC,FUR 227,MWF,01:30PM,02:20PM
1401,EXAM,FUR 227,W,12:00PM,02:30PM
1402,LEC,FUR 117,MWF,10:30AM,11:20AM
1403,EXAM,FUR 117,W,08:30AM,11:00AM
1404,LEC,FUR 227,TR,01:00PM,02:15PM
1405,EXAM,FUR 227,T,12:00PM,02:30PM
1406,LEC,RNK 151,TR,10:00AM,11:15AM
1407,LAB,RNK 151,T,02:30PM,05:20PM
1408,EXAM,RNK 151,T,08:30AM,11:00AM
1409,LEC,RNK 151,TR,11:30AM,12:45PM
1410,LAB,RNK 151,W,02:30PM,05:20PM
1411,EXAM,RNK 151,F,12:00PM,02:30PM
1412,LEC,SHI COM,TR,01:00PM,02:15PM
1413,LAB,SHI COM,R,02:30PM,05:20PM
1414,EXAM,SHI COM,T,12:00PM,02:30PM
1415,SEM,PYR 101,MF,11:30AM,12:20PM
1416,EXAM,PYR 101,R,12:00PM,02:30PM
1417,ACT, ,,,
1418,LEC,TPH MTR,MWF,09:30AM,10:20AM
1419,EXAM,TPH MTR,M,08:30AM,11:00AM
1420,LEC,TPH MTR,MWF,10:30AM,11:20AM
1421,EXAM,TPH MTR,W,08:30AM,11:00AM
1422,LEC,TPH MTR,MWF,11:30AM,12:20PM
1423,EXAM,TPH MTR,R,12:00PM,02:30PM
1424,LEC,TPH MTR,TR,11:30AM,12:45PM
1425,EXAM,TPH MTR,F,12:00PM,02:30PM
1426,LEC,TPH STR,TR,01:00PM,02:15PM
1427,EXAM,TPH STR,T,12:00PM,02:30PM
1428,LEC,TPH CST,TR,11:30AM,12:45PM
1429,LAB,TPH CST,,,
1430,EXAM,TPH CST,F,12:00PM,02:30PM
